	chrom	seg	num.mark	nhet	cnlr.median	mafR	segclust	cnlr.median.clust	mafR.clust	start	end	cf.em	tcn.em	lcn.em	gene
"9"	1	6	296	25	0.0573797533842196	14.4408420063985	50	0.0762247012355286	8.42744764084727	3683300	3784182	0.663347417329246	2	0	hemato	PRDM16
"22"	1	19	5572	458	0.0182663144225362	0.0977568427444629	30	0.0299852721914144	0.107334916026848	47181763	49252304	0.203847725493737	2	0	hemato	STIL,TAL1
"23"	1	20	3709	60	-0.0186138866847299	8.57027594745585	22	-0.0211262229430546	7.2576070900337	49252787	50759388	0.663347417329246	2	0	hemato	CDKN2C,FAF1,EPS15
"40"	1	37	12537	1126	0.00485012635697333	0.113079765869629	11	-0.0211262229430546	0.105851668869443	114933300	119648855	0.199456729380392	2	0	hemato	FAM46C
"48"	1	45	7375	689	-0.023047742679848	0.0894556819317941	11	-0.0211262229430546	0.105851668869443	162467776	165338300	0.199456729380392	2	0	hemato	PBX1
"52"	1	49	2594	26	-0.00781923995414793	16.357168684297	22	-0.0211262229430546	7.2576070900337	177939251	178911764	0.663347417329246	2	0	hemato	ABL2
"89"	2	86	2265	38	-0.00609535861625702	8.13274225248905	22	-0.0211262229430546	7.2576070900337	59307900	60195200	0.663347417329246	2	0	hemato	REL
"190"	3	187	8031	559	0.0524873659933302	0.0960201557609299	30	0.0299852721914144	0.107334916026848	126804100	129641626	0.203847725493737	2	0	hemato	RPN1,GATA2
"209"	3	206	10076	1008	0.0202773112927952	0.113970183969802	30	0.0299852721914144	0.107334916026848	169108811	172882700	0.203847725493737	2	0	hemato	MECOM
"241"	4	238	1913	43	0.0122635067024735	4.95081590658932	38	0.0299852721914144	7.11432840713563	54819600	55542189	0.663347417329246	2	0	hemato	PDGFRA
"249"	4	246	16278	1734	-0.0018362015034435	0.0962830944985299	11	-0.0211262229430546	0.105851668869443	84553758	90841200	0.199456729380392	2	0	hemato	AFF1
"310"	5	307	4619	435	-0.0254136874716411	0.0932688200095001	11	-0.0211262229430546	0.105851668869443	82408812	84234802	0.199456729380392	2	0	hemato	SSBP2
"339"	6	336	428	54	0.263585606106094	-0.0212346078065579	57	0.293406448628815	0.0061951756392843	256765	381918	0.182247154221329	4	2	hemato	DUSP22,IRF4
"351"	6	348	760	25	0.0455298911458415	7.51191330635022	38	0.0299852721914144	7.11432840713563	41717987	41996500	0.663347417329246	2	0	hemato	CCND3
"387"	6	384	1276	40	0.00425205374346901	8.76006590044673	22	-0.0211262229430546	7.2576070900337	136509200	136983544	0.663347417329246	2	0	hemato	TNFAIP3
"419"	7	416	9905	782	0.00619865031080097	0.0995388872316629	11	-0.0211262229430546	0.105851668869443	89890400	93758900	0.199456729380392	2	0	hemato	CDK6
"457"	8	454	5882	789	0.0717431788646414	0.125668667482914	45	0.0762247012355286	0.146661699465979	16763200	18918050	0.241087162580793	2	0	hemato	PCM1
"458"	8	455	8918	841	0.105559297378719	0.0928103678479253	42	0.0762247012355286	0.0943329852215118	18918300	22225900	0.191602614424963	2	0	hemato	PCM1
"482"	8	479	13852	995	0.046344839889211	0.111306577844724	30	0.0299852721914144	0.107334916026848	88813843	94306300	0.203847725493737	2	0	hemato	RUNX1T1
"487"	8	484	28204	3295	0.0927721566809174	0.0996247812452822	42	0.0762247012355286	0.0943329852215118	120144900	130718500	0.191602614424963	2	0	hemato	MYC,PVT1
"496"	8	493	11702	1455	0.15045700240113	0.094765218926988	52	0.155535230604448	0.094765218926988	142017881	146300790	0.329592910341306	3	1	hemato	MAFA
"506"	9	503	12374	1524	0.00557539303408946	0.0996749537845812	11	-0.0211262229430546	0.105851668869443	17941200	22644500	0.199456729380392	2	0	hemato	CDKN2B,MLLT3,CDKN2A
"512"	9	509	5598	433	0.00466682764823253	0.100975883607649	11	-0.0211262229430546	0.105851668869443	36923823	39183800	0.199456729380392	2	0	hemato	PAX5
"521"	9	518	1098	37	0.0132245188188012	6.15437669702481	38	0.0299852721914144	7.11432840713563	89611600	90039944	0.663347417329246	2	0	hemato	SYK
"522"	9	519	432	139	0.0202129261631884	0.119072327207132	32	0.0299852721914144	0.138954125928761	90040346	90198658	0.243090770091432	2	0	hemato	SYK
"585"	11	582	13522	1810	0.00511705219323565	0.0881261902066266	11	-0.0211262229430546	0.105851668869443	3810888	9028100	0.199456729380392	2	0	hemato	LMO1,NUP98
"601"	11	598	14991	1273	0.0295821901587772	0.116012480025904	30	0.0299852721914144	0.107334916026848	43383100	48948400	0.203847725493737	2	0	hemato	SPI1
"612"	11	609	591	137	-0.0111647152090056	0.157638243881837	14	-0.0211262229430546	0.137635362786441	86735900	86978654	0.240254219804085	2	0	hemato	PICALM
"623"	11	620	7745	799	-0.0429152972975469	0.155640811570665	14	-0.0211262229430546	0.137635362786441	104427142	107409900	0.240254219804085	2	0	hemato	ATM
"632"	12	629	393	48	0.0283101407787042	0.113531387010377	30	0.0299852721914144	0.107334916026848	11324750	11486389	0.203847725493737	2	0	hemato	ETV6
"633"	12	630	563	33	0.0144807935545575	7.17216022337143	38	0.0299852721914144	7.11432840713563	11487667	11693648	0.663347417329246	2	0	hemato	ETV6
"673"	13	670	9195	963	0.0338220469239005	2.86749164285635	33	0.0299852721914144	2.81997174446297	26138200	29582500	0.663347417329246	2	0	hemato	FLT3
"683"	13	680	22790	2094	0.0252181235239956	2.42375357888112	29	0.0299852721914144	2.43156785821595	40682124	49386500	0.663347417329246	2	0	hemato	RB1
"701"	13	698	5739	392	-0.0188735390988761	2.79028255897211	15	-0.0211262229430546	3.01901797116189	71724125	73955300	0.663347417329246	2	0	hemato	DIS3
"788"	16	785	11951	1104	0.0744953814213383	0.0820175968761492	42	0.0762247012355286	0.0943329852215118	60500	4182100	0.191602614424963	2	0	hemato	GLIS2,CREBBP
"793"	16	790	6094	615	0.00251289276306166	0.0940385138966104	11	-0.0211262229430546	0.105851668869443	12574525	15048500	0.199456729380392	2	0	hemato	NDE1,MYH11
"794"	16	791	250	30	0.291445962217303	0.0720439721436627	56	0.293406448628815	0.0837149370501369	15048800	15123680	0.419693120790399	3	1	hemato	NDE1,MYH11
"801"	16	798	2399	69	0.309821255453542	0.102250222211937	56	0.293406448628815	0.0837149370501369	32160200	33331900	0.419693120790399	3	1	hemato	FUS
"807"	16	804	6951	766	0.036448404864789	0.106359555896157	30	0.0299852721914144	0.107334916026848	49029225	51586500	0.203847725493737	2	0	hemato	CYLD
"818"	16	815	1679	195	-0.031343193833765	0.600470572266678	19	-0.0211262229430546	0.524018146807835	76517486	77182848	0.316176041297267	2	0	hemato	WWOX
"820"	16	817	16698	2614	0.0692859981471381	0.0965527618041619	42	0.0762247012355286	0.0943329852215118	84521256	90293300	0.191602614424963	2	0	hemato	CBFA2T3
"863"	19	860	11146	1701	0.0605348764449302	0.109651573856159	42	0.0762247012355286	0.0943329852215118	60700	4040007	0.191602614424963	2	0	hemato	TCF3
