AML2022,mutID
1,5_170837543_170837543_C_CTCTG
1,15_90631934_90631934_C_T
1,2_25458595_25458595_A_G
1,2_25470533_25470533_C_T
1,15_90631838_90631838_C_T
1,X_44949109_44949109_A_ACTGTTGGGGCC
1,10_112362632_112362632_C_T
1,17_7578442_7578442_T_C
1,2_198266834_198266834_T_C
1,21_36231782_36231782_C_T
1,17_74732959_74732959_G_A
1,4_106162530_106162530_T_TAA
1,4_106193994_106193994_TC_T
1,19_33792381_33792381_C_CCTT
1,3_128202760_128202760_G_GCCACAC
1,19_33793088_33793088_AG_A
1,X_53426595_53426595_GTTC_G
1,5_170837545_170837545_C_CTGTT
1,2_25471006_25471006_TCAGTGGGCTGCTG_T
1,13_28592642_28592642_C_A
1,12_112926910_112926910_G_C
1,4_106158432_106158432_AC_A
1,19_33793073_33793073_TG_T
1,13_28592629_28592629_T_C
1,2_25457242_25457242_C_T
1,4_106158160_106158160_C_T
1,17_7578190_7578190_T_C
1,21_36259162_36259162_T_A
1,2_25457243_25457243_G_A
1,13_28592641_28592641_T_G
1,10_112342401_112342401_G_A
1,X_39932990_39932990_G_GA
1,4_106156593_106156593_TC_T
1,17_74732959_74732959_G_T
1,12_25398285_25398285_C_G
1,20_31022712_31022712_C_T
1,4_106164914_106164914_G_A
1,21_36231792_36231792_C_T
1,4_106164763_106164763_T_C
1,4_106158438_106158438_T_TA
1,20_31022576_31022576_T_A
1,13_28602380_28602380_T_C
1,12_112926888_112926888_G_A
1,13_28592620_28592620_T_C
1,17_74732960_74732960_G_C
1,8_117864202_117864202_T_TG
1,4_106156285_106156285_AC_A
1,4_106180931_106180931_G_A
1,21_36252877_36252877_C_T
1,13_28602340_28602340_G_T
1,17_29486094_29486094_G_GA
1,19_33792308_33792308_A_T
1,12_112888166_112888166_A_C
1,11_32414242_32414242_G_T
1,20_31024192_31024192_T_A
1,21_36171607_36171607_G_A
1,2_25470011_25470011_A_T
1,20_31022628_31022628_G_T
1,21_36206845_36206845_C_A
1,12_12038905_12038905_CACTACTACAAACTAAACATT_C
1,1_115258747_115258747_C_T
1,2_25966453_25966453_C_CTCGG
1,12_25398284_25398284_C_T
1,12_25398285_25398285_C_A
1,1_115258744_115258744_C_T
1,17_29685641_29685641_G_T
1,12_112926884_112926884_T_C
1,11_32417910_32417910_G_T
1,12_112888163_112888163_G_T
1,12_112888210_112888210_G_A
1,13_28592634_28592634_CATG_C
1,2_209113112_209113112_C_T
1,5_170837544_170837544_T_TCTGC
1,12_12037400_12037400_AC_A
1,12_12038960_12038960_G_A
1,2_25470463_25470463_TGA_T
1,1_115256529_115256529_T_G
1,11_119148991_119148991_G_C
1,2_25467449_25467449_C_A
1,1_115258748_115258748_C_T
1,2_25463247_25463247_C_T
1,2_25469138_25469138_C_T
1,19_33793120_33793120_G_GTA
1,4_55589767_55589767_ACTTACG_ACCC
1,4_55593600_55593600_CAGTGGA_C
1,5_170837545_170837545_C_CTGCA
1,13_28609758_28609758_C_G
1,17_29541470_29541470_GTCTTACATTTAA_GCCTGGGAC
1,17_29553580_29553580_T_TCGGG
1,11_32413578_32413578_G_A
1,11_32439139_32439139_C_CT
1,8_117866527_117866527_AAC_A
1,11_32417914_32417914_G_GT
1,11_32417943_32417943_C_CGTCAGGGAAGGGCT
1,4_55599340_55599340_T_A
1,4_55599321_55599321_A_T
1,4_55593661_55593661_T_C
1,7_140453155_140453155_C_T
1,13_28592642_28592642_C_G
1,12_49431719_49431719_C_CTTGGGGG
1,4_106190862_106190862_T_A
1,13_28608281_28608281_A_G
1,4_106194066_106194066_C_T
1,4_106196415_106196415_C_A
1,13_28608281_28608281_A_T
1,8_117864225_117864225_G_A
1,2_209113113_209113113_G_A
1,X_133511775_133511775_A_AT
1,12_112888166_112888166_A_T
1,7_104747636_104747636_T_TCGGAATC
1,21_36206762_36206762_A_AGCACTCTT
1,4_153332910_153332910_C_CAGG
1,16_67654615_67654615_C_T
1,17_40359729_40359729_T_G
1,20_31022288_31022288_C_A
1,12_25380279_25380279_C_A
1,8_117864930_117864930_A_AAGCCTTGG
1,4_55599317_55599317_AGAGACATC_ATTCTT
1,13_28610153_28610153_G_A
1,9_5078360_5078360_A_G
1,19_33793237_33793237_GCTGC_G
1,13_28609748_28609748_T_A
1,4_55599340_55599340_T_G
1,2_25973089_25973089_CTTCTT_C
1,4_55589771_55589771_A_ACTTCTT
1,4_106197552_106197552_C_T
1,12_49427574_49427574_GCCAGGGAGCAGCTGA_G
1,1_115258745_115258745_C_G
1,13_28608262_28608262_T_G
1,2_25463296_25463296_C_CA
1,3_128202770_128202770_T_A
1,2_209113113_209113113_G_T
1,11_32413566_32413566_G_A
1,7_104753602_104753602_CA_C
1,1_155874286_155874286_A_C
1,4_55589763_55589763_CCTGACTTAC_CCTT
1,20_31021670_31021670_AC_A
1,1_115256529_115256529_T_C
1,X_53441796_53441796_T_G
1,4_106162579_106162579_GAAGA_G
1,17_29541542_29541542_A_G
1,2_25457242_25457242_C_G
1,21_44524456_44524456_G_A
1,17_29490395_29490395_G_A
1,4_106197379_106197379_TA_T
1,4_106162585_106162585_A_G
1,4_106157474_106157474_C_A
1,3_128202770_128202770_T_G
1,20_31022265_31022265_G_GTGGT
1,19_33793119_33793119_T_TGTAG
1,19_33792837_33792837_G_A
1,21_36206847_36206847_GA_G
1,13_28608282_28608282_CGTAGAA_C
1,1_115258747_115258747_C_G
1,1_115258748_115258748_C_A
1,7_148504761_148504761_C_CGATGCCGGCCTG
1,7_148504766_148504766_C_CCGGATT
1,4_106180899_106180899_T_A
1,4_106190797_106190797_C_T
1,12_112926888_112926888_G_T
1,12_25378561_25378561_G_A
1,2_198267359_198267359_C_A
1,20_31023023_31023023_T_TA
1,11_119148966_119148966_T_C
1,12_112888211_112888211_A_C
1,4_106164914_106164914_G_T
1,2_25463287_25463287_G_A
1,11_32414232_32414232_CT_C
1,11_32449540_32449540_GGTGCAGCT_G
1,13_28592639_28592639_TATC_T
1,4_55589769_55589769_TTACGA_TCC
1,4_106157834_106157834_C_CCGGGG
1,13_28592622_28592622_G_T
1,12_112926248_112926248_G_A
1,X_123164974_123164974_AG_A
1,2_25464507_25464507_G_A
1,12_112888199_112888199_C_T
1,4_106155794_106155794_AATAT_A
1,4_106164778_106164778_C_T
1,4_55589766_55589766_GACTTACGA_GGGAGC
1,12_25398284_25398284_C_G
1,2_25463287_25463287_G_C
1,5_170837551_170837551_G_GCGGA
1,X_76776930_76776930_CTGTT_C
1,2_25457243_25457243_G_T
1,19_33793252_33793252_C_CG
1,12_112888211_112888211_A_G
1,12_112888198_112888198_G_A
1,X_133549130_133549130_A_ATT
1,2_209113113_209113113_G_C
1,12_112926249_112926249_C_G
1,11_32456601_32456601_G_T
1,11_32456602_32456602_C_T
1,11_32456559_32456559_CG_C
1,2_25469982_25469982_A_G
1,2_25469981_25469981_AAC_A
1,5_170837545_170837545_C_CTGCT
1,4_106193892_106193892_C_T
1,4_106157261_106157261_A_AT
1,12_112888202_112888202_C_T
1,18_42643076_42643076_C_T
1,17_7578283_7578283_G_C
1,17_74732959_74732959_G_C
1,2_25458594_25458594_C_T
1,4_106156031_106156031_T_TA
1,4_106197140_106197140_C_T
1,4_106197300_106197300_G_C
1,X_123164857_123164857_GA_G
1,4_106196514_106196514_AC_A
1,7_139094307_139094307_A_G
1,X_123215379_123215379_G_A
1,8_117868408_117868408_T_TTA
1,2_25463553_25463553_C_G
1,11_32413560_32413560_C_T
1,12_12038921_12038921_AC_A
1,20_31023002_31023002_A_T
1,20_31023003_31023003_G_C
1,X_70340856_70340856_C_T
1,4_106157003_106157003_A_AGT
1,X_53430498_53430498_C_A
1,2_198266512_198266512_C_T
1,X_123224542_123224542_T_G
1,21_36259247_36259247_G_GCA
1,20_31021187_31021187_C_T
1,4_106156160_106156160_C_G
1,19_33792384_33792384_T_C
1,17_29562746_29562746_C_G
1,17_29562982_29562982_GA_G
1,2_25463508_25463508_C_A
1,20_31022738_31022738_TG_T
1,4_106158419_106158419_C_CA
1,4_106164077_106164077_C_CT
1,X_123205011_123205011_CTG_C
1,13_28592641_28592641_T_A
1,1_115256530_115256530_G_T
1,19_33792308_33792308_A_G
1,4_106190860_106190860_C_G
1,3_128204682_128204682_C_CA
1,12_49427314_49427314_T_TGCTGCA
1,17_7578203_7578203_C_T
1,21_36206875_36206875_G_A
1,2_25469996_25469996_G_T
1,2_25966454_25966454_T_TCAAA
1,X_39932084_39932084_T_A
1,X_133549091_133549091_G_T
1,10_112362631_112362631_T_C
1,4_106164029_106164029_T_A
1,19_33793082_33793082_T_TC
1,13_28608276_28608276_A_G
1,4_106180871_106180871_T_G
1,1_155874263_155874263_T_C
1,1_36932199_36932199_C_T
1,17_7577154_7577154_C_T
1,21_48019319_48019319_G_A
1,2_25468892_25468892_CA_C
1,X_48652396_48652396_G_GC
1,X_53430567_53430567_A_G
1,2_25467442_25467442_T_C
1,X_39921647_39921647_C_T
1,13_28609758_28609758_C_A
1,4_106197317_106197317_A_G
1,12_25398281_25398281_C_T
1,3_128205201_128205201_G_GCC
1,17_7579307_7579307_C_G
1,11_119148919_119148919_T_C
1,21_36231791_36231791_T_C
1,4_106196323_106196323_TCAGA_T
1,4_106196520_106196520_AC_A
1,7_148512132_148512132_C_G
1,20_31022402_31022402_TCACCACTGCCATAGAGAGGCGGC_T
1,21_36164707_36164707_G_A
1,X_123181311_123181311_C_T
1,4_106196213_106196213_C_T
1,17_74732959_74732959_G_GGGC
1,2_25457176_25457176_G_A
1,1_1747229_1747229_T_C
1,12_112888197_112888197_T_A
1,21_36231774_36231774_G_A
1,X_39916506_39916506_G_T
1,4_106197285_106197285_T_C
1,5_170837546_170837546_T_TGCCG
1,2_25536832_25536832_C_T
1,17_7577580_7577580_T_C
1,20_31021118_31021118_C_T
1,21_36253011_36253011_C_T
1,X_53432008_53432008_C_T
1,4_106164920_106164920_G_A
1,21_36252864_36252864_T_TGAC
1,4_106156249_106156249_AG_A
1,4_106180823_106180823_CCTT_C
1,2_25468194_25468194_G_C
1,19_33792952_33792952_T_TCC
1,11_64536777_64536777_G_A
1,21_36206827_36206827_C_A
1,20_31022910_31022910_G_T
1,5_170837546_170837546_T_TGTGC
1,21_36259172_36259172_G_T
1,4_106196805_106196805_C_CAAAT
1,20_31022581_31022581_C_G
1,21_36259292_36259292_GGGCAGCGCCGGCGTCCGGGGCGCCCAGC_G
1,7_148506407_148506407_G_T
1,9_5073770_5073770_G_T
1,4_106193794_106193794_C_G
1,19_33793315_33793315_C_CTCCA
1,X_53430549_53430549_C_T
1,12_25378562_25378562_C_T
1,3_128200151_128200151_G_A
1,5_170819763_170819763_A_ACTCTTGGATACCCTCCGT
1,7_101892094_101892094_GGGCCCCGC_G
1,21_44514777_44514777_T_C
1,16_67650774_67650774_G_A
1,2_25463541_25463541_G_C
1,21_36206705_36206705_A_G
1,21_36252942_36252942_G_T
1,X_15836734_15836734_CT_C
1,21_36206817_36206817_C_A
1,X_39921411_39921411_GC_G
1,21_36231773_36231773_C_T
1,4_106157046_106157046_AC_A
1,17_7578454_7578454_G_A
1,21_36171716_36171716_C_CAT
1,X_123197834_123197834_C_G
1,X_70344017_70344017_C_T
1,2_25467430_25467430_C_T
1,5_170837547_170837547_G_GCAGA
1,X_53432020_53432020_C_A
1,18_42281357_42281357_G_A
1,X_123184055_123184055_C_T
1,8_128750684_128750684_C_T
1,X_123197841_123197841_TC_T
1,X_39933966_39933966_AT_A
1,17_7577121_7577121_G_A
1,19_33792809_33792809_TTGGCTTCATCCTCCTC_T
1,2_25467193_25467193_T_TC
1,17_7578476_7578476_G_A
1,17_7578406_7578406_C_T
1,X_133511726_133511726_G_GA
1,13_28602329_28602329_G_A
1,12_112926885_112926885_C_T
1,X_133549102_133549102_CT_C
1,21_44514777_44514777_T_G
1,20_31022643_31022643_G_T
1,17_29554571_29554571_C_T
1,21_36259145_36259145_A_AAGCGAT
1,X_123202473_123202473_C_G
1,5_170837545_170837545_C_CTGTA
1,12_25380276_25380276_T_G
1,21_36252866_36252866_G_C
1,21_36231783_36231783_G_A
1,X_53432200_53432200_CCTT_C
1,4_106193864_106193864_TGCCA_T
1,16_67650743_67650743_C_T
1,13_28592640_28592640_A_C
1,4_106197114_106197114_T_TA
1,17_7578503_7578503_C_T
1,X_39933073_39933073_C_T
1,17_7578265_7578265_A_G
1,21_44524457_44524457_A_T
1,13_28608269_28608269_T_C
1,7_148512035_148512035_C_T
1,X_15838385_15838385_C_T
1,4_106158301_106158301_CA_C
1,16_67650710_67650710_C_T
1,4_106164079_106164079_A_G
1,17_74732935_74732935_CGGCGGCTGTGGTGTGAGTCCGGGG_C
1,2_198267359_198267359_C_G
1,10_112342395_112342395_A_C
1,4_106197340_106197340_GA_G
1,21_36164683_36164683_CTTGGA_C
1,13_28608323_28608323_A_G
1,1_43818307_43818307_A_G
1,2_25458661_25458661_T_C
1,2_25457176_25457176_G_T
1,13_28608266_28608266_T_A
1,13_28602340_28602340_G_C
1,21_36252991_36252991_ACATCCCCT_A
1,1_155870224_155870224_C_A
1,4_106156477_106156477_TC_T
1,2_25459804_25459804_CCTT_C
1,4_106156963_106156963_C_T
1,X_133547689_133547689_T_A
1,2_25467124_25467124_T_C
1,2_25469529_25469529_GC_G
1,18_42531907_42531907_G_A
1,2_25467409_25467409_C_A
1,12_112939997_112939997_C_T
1,17_29552152_29552152_G_A
1,18_42531913_42531913_G_A
1,4_106164085_106164085_G_GT
1,2_25457159_25457159_C_CTT
1,12_112915455_112915455_T_C
1,11_32414265_32414265_TCA_T
1,4_106155548_106155548_CTG_C
1,4_106193733_106193733_A_C
1,16_3779847_3779847_T_TTA
1,19_33792413_33792413_G_T
1,2_198267361_198267361_T_G
1,20_31022531_31022531_T_A
1,X_123217353_123217353_CT_C
1,4_106196347_106196347_T_A
1,8_117875375_117875375_G_GAA
1,21_36164876_36164876_CG_C
1,2_198267371_198267371_G_C
1,11_119148880_119148880_A_C
1,X_15818042_15818042_C_T
1,7_148506443_148506443_C_T
1,21_36259137_36259137_T_TAC
1,21_36164838_36164838_C_CG
1,20_31021250_31021250_C_T
1,1_43818310_43818310_G_A
1,3_128202758_128202758_A_T
1,19_33792386_33792386_T_TGCTGCGTCTCCACGTTGCGCTGCTTGGCCTTGTCGC
1,1_36933434_36933434_G_A
1,20_31023150_31023150_GAT_G
1,21_36259174_36259174_C_T
1,21_36259175_36259175_A_G
1,4_106156540_106156540_C_T
1,19_33793280_33793280_G_C
1,17_7577538_7577538_C_T
1,2_25463169_25463169_A_G
1,21_36259202_36259202_A_AGTTG
1,21_36231810_36231810_C_T
1,21_36252866_36252866_G_A
1,X_123215311_123215311_C_T
1,11_32456335_32456335_C_CT
1,4_106164831_106164831_G_T
1,1_115256532_115256532_C_T
1,X_39922091_39922091_T_A
1,13_28608278_28608278_T_G
1,2_25470019_25470019_AAC_A
1,19_33793329_33793329_T_TA
1,4_106193748_106193748_C_T
1,4_106193849_106193849_G_GA
1,2_25469154_25469154_AC_A
1,X_133551330_133551330_CAAGT_C
1,1_36932213_36932213_A_C
1,11_119142446_119142446_C_T
1,11_119148931_119148931_G_A
1,20_31024395_31024395_C_T
1,X_15809079_15809079_CTGAAGAAGGAGAAACGAAAGAAACGTCGGCAGGAA_C
1,21_36252986_36252986_CTGGAACA_C
1,4_106197318_106197318_C_T
1,11_119148949_119148949_A_T
1,12_112888165_112888165_G_C
1,17_1563730_1563730_C_T
1,17_7579408_7579408_CA_C
1,12_112888168_112888168_T_G
1,17_7577539_7577539_G_A
1,17_7578235_7578235_T_C
1,17_7578289_7578289_C_A
1,1_155870217_155870217_T_C
1,13_28608275_28608275_A_T
1,4_106190863_106190863_GC_G
1,4_106190798_106190798_G_T
1,7_148512102_148512102_G_A
1,21_36231768_36231768_T_TGAA
1,13_33223009_33223009_C_T
1,11_32417913_32417913_CGTACAAG_CGTATT
1,17_7578397_7578397_T_TG
1,4_106164065_106164065_G_T
1,4_106156991_106156991_C_G
1,2_25467196_25467196_AC_A
1,2_25469508_25469508_CTTAGGGCCAGAAG_C
1,X_53430498_53430498_C_T
1,2_25471003_25471003_GGGTCA_GT
1,4_106190860_106190860_C_T
1,4_106155562_106155562_G_GC
1,2_25463583_25463583_G_A
1,12_112888163_112888163_G_C
1,2_25470543_25470543_CA_C
1,21_36252878_36252878_T_C
1,2_25463511_25463511_T_C
1,2_25463566_25463566_C_T
1,17_7577142_7577142_C_T
1,4_106197123_106197123_T_G
1,12_25380285_25380285_G_A
1,4_106197308_106197308_C_G
1,17_74732960_74732960_G_T
1,17_74732955_74732955_C_CG
1,4_106164878_106164878_C_CCGAGA
1,17_1563288_1563288_T_A
1,21_36252876_36252876_C_A
1,21_36231797_36231797_G_T
1,11_85975275_85975275_A_AGC
1,X_39922049_39922049_G_A
1,8_117859789_117859789_G_GC
1,X_123195684_123195684_CTGAA_C
1,18_31326506_31326506_G_A
1,2_25467448_25467448_C_A
1,2_198267360_198267360_T_G
1,2_25463184_25463184_G_C
1,X_123197834_123197834_C_A
1,2_25457291_25457291_T_A
1,4_106180783_106180783_TGC_T
1,X_39923699_39923699_C_T
1,21_36253010_36253010_C_T
1,16_3817746_3817746_T_TGTTGACTG
1,2_25463307_25463307_C_T
1,21_36164824_36164824_C_CT
1,X_39913587_39913587_C_A
1,19_33792249_33792249_CGCAGTT_C
1,2_25469132_25469132_TTCCACCC_T
1,4_106155920_106155920_TC_T
1,4_106158237_106158237_T_TA
1,2_25467437_25467437_G_A
1,X_133551262_133551262_A_G
1,17_7577141_7577141_C_T
1,1_43818306_43818306_T_G
1,18_42531914_42531914_G_A
1,21_44524456_44524456_G_T
1,12_12037411_12037411_TTGC_T
1,4_106155979_106155979_G_T
1,4_106157982_106157982_AC_A
1,20_31022286_31022286_T_TA
1,11_32456540_32456540_A_AC
1,11_32417913_32417913_C_CGTACAAGA
1,19_33793277_33793277_AT_A
1,X_133559248_133559248_A_G
1,21_36259172_36259172_G_A
1,4_106158016_106158016_T_TG
1,7_148506433_148506433_A_T
1,X_53432579_53432579_C_T
1,19_33793008_33793008_CGCCGCCGCCGCCGCCGCCCGTGGGG_C
1,17_7578370_7578370_C_T
1,2_25464490_25464490_C_T
1,4_106190873_106190873_A_T
1,7_148543609_148543609_GCTGTATCCTT_G
1,21_36259162_36259162_T_G
1,17_1563747_1563747_G_C
1,12_112926909_112926909_A_T
1,2_25467134_25467134_A_T
1,4_106196345_106196345_TATTCTGCTTCTGGATCCAC_TCA
1,2_25466822_25466822_TG_T
1,4_106164917_106164917_G_A
1,4_106155411_106155411_TG_T
1,2_25463320_25463320_C_T
1,4_106197309_106197309_A_G
1,21_36252994_36252994_T_TC
1,19_33792404_33792404_C_G
1,19_33793077_33793077_A_ACAGGT
1,2_25463289_25463289_T_C
1,4_106164857_106164857_AC_A
1,8_117868970_117868970_ATC_A
1,4_106180823_106180823_C_T
1,X_39913178_39913178_A_AG
1,X_39932018_39932018_G_GC
1,20_31023094_31023094_GA_G
1,17_29670138_29670138_G_T
1,13_28608281_28608281_A_C
1,7_148506462_148506462_G_A
1,7_148523702_148523702_G_A
1,X_133559286_133559286_C_T
1,10_112356172_112356172_T_TCGTC
1,2_25966411_25966411_G_GCC
1,21_36164685_36164685_T_TG
1,17_29663349_29663349_A_G
1,4_106157491_106157491_G_T
1,17_1579846_1579846_G_A
1,7_148504799_148504799_C_G
1,10_112349666_112349666_G_A
1,4_106157335_106157335_C_CA
1,4_106156216_106156216_CAAAAT_C
1,2_25470535_25470535_C_T
1,2_198267484_198267484_G_A
1,11_32417912_32417912_CCGTACAAGAGTCGGGGC_CCGGTCTA
1,11_32456245_32456245_C_G
1,4_106157326_106157326_C_T
1,21_36259228_36259228_T_TC
1,20_31023080_31023080_TTGCC_T
1,11_119149245_119149245_T_C
1,2_25457273_25457273_C_A
1,X_123196991_123196991_C_CTA
1,X_39934071_39934071_CTGTT_C
1,2_25457198_25457198_C_A
1,1_36937712_36937712_C_T
1,20_31024654_31024654_C_T
1,X_39914722_39914722_C_CG
1,21_36252855_36252855_T_TC
1,X_123217333_123217333_AT_A
1,4_106157384_106157384_A_AC
1,4_106158172_106158172_AT_A
1,17_7577570_7577570_C_T
1,19_33792437_33792437_G_A
1,4_106196793_106196793_G_GT
1,7_140453193_140453193_T_A
1,X_39932331_39932331_C_CT
1,X_123196762_123196762_CAAAGGAGAAG_C
1,17_29654553_29654553_C_T
1,17_7577580_7577580_T_G
1,X_44911038_44911038_C_CAAT
1,21_36259154_36259154_G_C
1,X_133512059_133512059_TCA_T
1,2_25966454_25966454_T_TCC
1,20_31022296_31022296_G_GC
1,7_148507476_148507476_C_G
1,4_106156680_106156680_CAACTGCCAGCAGTT_C
1,1_43815009_43815009_G_T
1,11_119149238_119149238_T_C
1,7_148507446_148507446_A_G
1,12_12038942_12038942_GAC_G
1,21_36171760_36171760_C_T
1,7_148529786_148529786_CAG_C
1,10_112344032_112344032_A_T
1,5_170837547_170837547_G_GTACT
1,4_106158219_106158219_AT_A
1,17_7577547_7577547_C_T
1,X_15841353_15841353_CA_C
1,4_106158155_106158155_TG_T
1,21_36259163_36259163_T_G
1,2_25467408_25467408_C_T
1,X_39916463_39916463_G_A
1,7_148524255_148524255_CT_C
1,7_148512023_148512023_C_T
1,20_31021472_31021472_C_T
1,12_25378562_25378562_C_G
1,17_7577096_7577096_T_C
1,4_106190882_106190882_A_G
1,7_148523590_148523590_C_T
1,7_148526910_148526910_G_A
1,19_33792937_33792937_C_CG
1,4_106180838_106180838_G_A
1,4_106157533_106157533_A_AT
1,3_128200744_128200744_G_A
1,1_36932242_36932242_G_A
1,18_42531919_42531919_G_A
1,2_25967162_25967162_CAGCAGCTGCGGCGGCAGCGG_C
1,21_36252937_36252937_G_GCCATTGGGT
1,X_53432580_53432580_G_A
1,13_28602341_28602341_T_C
1,X_123199757_123199757_AGGTATTGTCAAC_AGT
1,17_1563289_1563289_C_T
1,21_36252868_36252868_C_CCCA
1,X_133559236_133559236_A_G
1,7_148512017_148512017_C_T
1,19_33792371_33792371_A_T
1,4_106156060_106156060_C_T
1,21_36164601_36164601_G_A
1,4_106157554_106157554_T_TA
1,X_123197782_123197782_T_TA
1,17_29541468_29541468_G_C
1,17_74732959_74732959_GGGC_G
1,20_31022528_31022528_C_CT
1,4_106180865_106180865_G_T
1,X_15821867_15821867_GAATA_G
1,12_49420647_49420647_G_GA
1,4_106197378_106197378_A_G
1,4_106156514_106156514_C_CT
1,4_106196935_106196935_TCATTC_T
1,12_25378647_25378647_T_A
1,4_106197374_106197374_C_T
1,10_112356174_112356174_G_C
1,2_25467134_25467134_A_G
1,20_31023863_31023863_G_T
1,4_106157246_106157246_C_CA
1,4_106196985_106196985_TC_T
1,4_106190798_106190798_G_A
1,X_39932876_39932876_T_TG
1,X_39913252_39913252_T_TG
1,1_115258745_115258745_C_A
1,4_106164861_106164861_ACT_A
1,2_25466811_25466811_C_G
1,2_25463509_25463509_C_A
1,5_170837550_170837550_A_AGTCT
1,17_7577120_7577120_C_T
1,4_106156040_106156040_GTT_G
1,4_55569945_55569945_G_GTCAAC
1,X_123211903_123211903_C_T
1,3_128200112_128200112_C_T
1,4_106155421_106155421_C_T
1,11_119149251_119149251_G_A
1,21_36206893_36206893_G_GTACCGGGTGGAACGATC
1,2_25467190_25467190_C_T
1,15_90631935_90631935_G_A
1,4_55599320_55599320_G_T
1,17_7579377_7579377_G_A
1,17_7578268_7578268_A_C
1,4_106164940_106164940_G_T
1,9_5073764_5073764_G_C
1,21_36252876_36252876_C_G
1,2_198267358_198267358_T_C
1,7_148506170_148506170_C_CA
1,10_112340723_112340723_G_A
1,19_17948006_17948006_G_A
1,2_25967240_25967240_T_C
1,4_106180783_106180783_T_TA
1,4_106180783_106180783_T_TG
1,X_48650821_48650821_C_CT
1,8_117859931_117859931_C_A
1,4_106156941_106156941_GC_G
1,4_106156825_106156825_G_T
1,4_106164871_106164871_G_T
1,17_7578457_7578457_C_T
1,17_7578187_7578187_TCATAGGGCACCAC_T
1,17_29654515_29654515_A_G
1,7_101882692_101882692_C_G
1,2_25467207_25467207_C_A
1,X_133551277_133551277_T_TGTGGAGTA
1,21_36164634_36164634_T_TA
1,17_7577568_7577568_C_T
1,2_25466814_25466814_T_TTC
1,21_36259184_36259184_G_A
1,X_123176447_123176447_T_TA
1,X_133551305_133551305_T_C
1,X_39922030_39922030_CCT_C
1,20_31021439_31021439_G_A
1,12_12037474_12037474_C_T
1,17_29654740_29654740_G_A
1,17_7578413_7578413_C_A
1,4_106155987_106155987_T_A
1,7_101813767_101813767_AC_A
1,4_106157332_106157332_C_T
1,4_106156353_106156353_TC_T
1,12_112926852_112926852_C_T
1,3_128200730_128200730_A_C
1,4_106155314_106155314_G_GT
1,4_106180867_106180867_A_G
1,19_33792467_33792467_T_TA
1,19_17945970_17945970_G_A
1,19_33792404_33792404_C_T
1,19_33792855_33792855_GC_G
1,2_25466803_25466803_TG_T
1,4_106182914_106182914_A_G
1,2_25459820_25459820_A_T
1,21_36206884_36206884_G_GT
1,2_25466767_25466767_CT_C
1,8_117862913_117862913_G_GAT
1,11_64536729_64536729_G_A
1,19_33792422_33792422_C_A
1,4_106180835_106180835_G_A
1,7_148544318_148544318_G_GC
1,19_33793196_33793196_GGCTGCGCGGGGCCCGCGCCCCGGGGAAA_G
1,2_25463181_25463181_C_T
1,4_106197276_106197276_C_G
1,4_106197357_106197357_T_A
1,X_39931851_39931851_TTTACCAAAAG_T
1,7_101845328_101845328_GC_G
1,7_148515070_148515070_G_T
1,4_106164824_106164824_T_C
1,4_106197401_106197401_C_T
1,19_33793124_33793124_G_GA
1,1_115256528_115256528_T_A
1,4_55589769_55589769_TTACGAC_TGGG
1,4_106196655_106196655_GCCAAGACC_G
1,4_106156281_106156281_CA_C
1,20_31021276_31021276_C_CA
1,17_7577124_7577124_C_T
1,19_33792792_33792792_C_CG
1,2_25463184_25463184_G_A
1,4_106190854_106190854_T_C
1,8_128750676_128750676_G_GACC
1,4_106157371_106157371_CAG_C
1,2_25967303_25967303_G_A
1,X_39911649_39911649_G_A
1,17_7577022_7577022_G_A
1,21_36206892_36206892_C_T
1,2_25457248_25457248_A_G
1,13_28602376_28602376_C_T
1,1_115258747_115258747_C_A
1,13_28608276_28608276_A_C
1,3_128202758_128202758_A_C
1,4_106180838_106180838_G_T
1,21_36164501_36164501_G_GCTGC
1,3_128200134_128200134_CCTT_C
1,4_106190905_106190905_G_GT
1,4_106190834_106190834_T_A
1,11_32417926_32417926_G_GAGCC
1,12_112915523_112915523_A_G
1,17_29664899_29664899_G_GACCC
1,17_29665755_29665755_T_TAA
1,X_133547566_133547566_C_A
1,7_148512023_148512023_C_A
1,X_15833848_15833848_T_TA
1,21_36164581_36164581_A_AG
1,12_112888189_112888189_G_A
1,7_148511068_148511068_GA_G
1,4_106157334_106157334_G_GCGGCA
1,12_25378647_25378647_T_G
1,20_31022809_31022809_TG_T
1,21_36231869_36231869_C_CTT
1,X_123215337_123215337_TG_T
1,X_123220587_123220587_C_CG
1,7_104730540_104730540_CA_C
1,X_39930225_39930225_C_CATCT
1,2_25467405_25467405_TCA_T
1,19_33793177_33793177_G_GGC
1,4_106193772_106193772_GA_G
1,4_106196580_106196580_C_A
1,X_123197044_123197044_C_T
1,X_70350002_70350002_C_T
1,21_36252994_36252994_T_TCC
1,21_36171650_36171650_T_TC
1,21_36259173_36259173_C_A
1,7_101891924_101891924_GAGCCGCCGCCCTCGGGGACCCCGGGCCCGGACGACGCCCGCGACGACGACCACGAGGGAGGCCCCGTGGAAGGCCCGGGGCCCCTGCCCAGCCCCGCCTCCGCGACCGCCACCGCCGCGCCCGCGGCCCCCGAGGACGCCGCTACCTC_G
1,X_133511701_133511701_C_CCCGGAAGG
1,7_139092022_139092022_C_T
1,11_119149238_119149238_T_G
1,3_128200132_128200132_TTCCTTCTTC_T
1,2_25463544_25463544_AG_A
1,7_148515024_148515024_T_TC
1,1_115258744_115258744_C_A
1,21_36252940_36252940_G_A
1,4_106196560_106196560_T_G
1,4_106197401_106197401_CA_C
1,18_42531914_42531914_G_T
1,X_123220440_123220440_C_T
1,10_112356162_112356162_A_C
1,2_25972651_25972651_G_GGCAA
1,4_106157856_106157856_C_G
1,4_106197309_106197309_A_T
1,5_170837547_170837547_G_GCAAA
1,7_101923364_101923364_GT_G
1,2_25469616_25469616_GA_G
1,20_31022757_31022757_C_T
1,21_36259205_36259205_T_TG
1,13_28608341_28608341_T_C
1,19_33792702_33792702_G_A
1,19_33793190_33793190_G_GCGGGAGGCTGCGCGGGGCCCGCGCCC
1,3_128202758_128202758_A_G
1,3_128202756_128202756_A_G
1,X_44942828_44942828_G_GA
1,20_31024179_31024179_T_G
1,4_106196537_106196537_C_T
1,4_106197143_106197143_G_T
1,X_15841163_15841163_AG_A
1,X_123197716_123197716_C_T
1,19_33793199_33793199_T_TG
1,1_115256521_115256521_A_C
1,4_106193719_106193719_AG_A
1,17_29554235_29554235_G_A
1,20_31022592_31022592_C_T
1,21_36259198_36259198_AG_A
1,4_106157243_106157243_ACT_A
1,X_39932207_39932207_CA_C
1,8_128750686_128750686_C_T
1,10_112361545_112361545_T_C
1,2_25462077_25462077_G_C
1,2_25468159_25468159_T_C
1,2_25466773_25466773_C_T
1,11_32417917_32417917_C_CTG
1,20_31022761_31022761_TC_T
1,2_25966987_25966987_G_GCCCC
1,2_25966985_25966985_TCGTACCTCC_TTCCTCCTA
1,2_25966845_25966845_TCCACTGA_TGCAAAC
1,1_36932097_36932097_C_T
1,2_25458591_25458591_C_T
1,2_25470539_25470539_G_GACAC
1,21_36252917_36252917_C_CCGGATTCCT
1,4_106155972_106155972_GGTGA_G
1,4_106190848_106190848_G_T
1,17_29588764_29588764_AG_A
1,20_31022926_31022926_GACCC_G
1,4_106155740_106155740_CTGCCTCT_C
1,4_106190804_106190804_G_A
1,X_44966741_44966741_G_GGGCGTGGGTTAAGGATTTC
1,2_25468196_25468196_AG_A
1,4_106157059_106157059_C_CA
1,4_106197269_106197269_C_T
1,10_112356214_112356214_T_TCAGGGC
1,1_36932121_36932121_C_A
1,2_25973153_25973153_TG_T
1,21_36252935_36252935_C_CAGCCGAGT
1,4_55589765_55589765_TGACTTACGACAGGCTCGT_TTTACCGTTTGTG
1,7_148506431_148506431_T_C
1,2_198266821_198266821_A_T
1,20_31022285_31022285_T_TTA
1,12_25398284_25398284_C_A
1,12_25398285_25398285_C_T
1,4_106197338_106197338_A_G
1,2_25459821_25459821_TGCTCCAGACACTCCTGCA_T
1,3_128200720_128200720_C_T
1,12_25380276_25380276_T_A
1,8_117878911_117878911_C_T
1,4_55599320_55599320_G_C
1,7_148511152_148511152_C_T
1,19_33793300_33793300_G_C
1,4_153247169_153247169_A_G
1,X_123217388_123217388_CA_C
1,11_32417801_32417801_A_C
1,17_29663729_29663729_G_A
1,19_33792384_33792384_T_TCTG
1,19_33792981_33792981_CCGCGGGCG_C
1,11_32417943_32417943_CG_C
1,12_112888197_112888197_T_G
1,4_106164913_106164913_C_T
1,4_106196788_106196788_CA_C
1,X_39932628_39932628_G_GT
1,17_7577018_7577018_C_T
1,10_112358005_112358005_T_C
1,1_155874166_155874166_C_A
1,17_74732956_74732956_G_A
1,11_32417917_32417917_C_CA
1,21_36206704_36206704_TAC_T
1,2_25497824_25497824_G_A
1,21_36171722_36171722_G_GT
1,X_133547612_133547612_TA_T
1,2_198267371_198267371_G_T
1,7_101758492_101758492_G_GA
1,X_123176439_123176439_TTTAGACATATGC_TAAGGGTGGTGG
1,8_128750683_128750683_C_A
1,8_117875482_117875482_C_T
1,4_106193785_106193785_A_G
1,12_112888198_112888198_G_C
1,4_106155627_106155627_TC_T
1,1_155880253_155880253_C_A
1,2_25966157_25966157_G_GCT
1,4_106158441_106158441_TC_T
1,4_106156914_106156914_C_A
1,11_32456474_32456474_TG_T
1,19_33792381_33792381_CCTT_C
1,12_49431647_49431647_C_CCG
1,19_33793252_33793252_CG_C
1,13_28608332_28608332_T_G
1,17_29588751_29588751_C_T
1,7_148523708_148523708_C_T
1,12_112888166_112888166_A_G
1,4_106162476_106162476_ATCT_A
1,10_112343991_112343991_G_A
1,2_25459843_25459843_C_A
1,19_33793213_33793213_GC_G
1,11_85979543_85979543_A_C
1,21_36164433_36164433_C_CA
1,1_115256528_115256528_T_G
1,21_36164521_36164521_C_CT
1,7_148525902_148525902_GTCA_G
1,13_28592623_28592623_T_A
1,2_198267373_198267373_G_C
1,21_36252915_36252915_T_TGCGGTAGCATTTCTCAG
1,8_128750681_128750681_C_G
1,1_155874530_155874530_C_A
1,13_28608314_28608314_A_T
1,13_28592640_28592640_A_T
1,8_117864186_117864186_C_A
1,2_25463301_25463301_A_C
1,7_101845440_101845440_A_C
1,19_33793116_33793116_C_CGTGAGGT
1,19_33792384_33792384_TCTG_T
1,3_128202809_128202809_G_T
1,10_112350826_112350826_G_A
1,4_106190776_106190776_GA_G
1,4_106193720_106193720_G_C
1,19_33792778_33792778_G_GT
1,19_33793248_33793248_C_CCT
1,4_106156687_106156687_C_T
1,2_25463313_25463313_G_A
1,20_31022460_31022460_G_T
1,4_106156132_106156132_A_T
1,3_128204872_128204872_G_GC
1,19_33793122_33793122_A_AG
1,11_32414211_32414211_C_T
1,12_54686441_54686441_G_GCTGCCACCTTGTTTTTGCCCCGTCGTCGGATGC
1,2_25967238_25967238_A_AG
1,17_7578473_7578473_GC_G
1,19_33792819_33792819_C_CCT
1,4_106180859_106180859_A_G
1,20_31024236_31024236_G_A
1,4_106156694_106156694_TG_T
1,11_32456375_32456375_C_A
1,13_28608274_28608274_G_C
1,8_117864884_117864884_CTCCTCCTT_C
1,11_32414250_32414250_C_T
1,9_139391169_139391169_GAGGGGGCCTGTGTGCTC_G
1,2_25462069_25462069_TC_T
1,3_128202767_128202767_G_A
1,19_33793119_33793119_TGTAGGCGCTGATGTCGA_T
1,3_128202750_128202750_T_C
1,5_170837546_170837546_T_TGCTC
1,2_25470587_25470587_ACCAGCTCCC_A
1,3_128200735_128200735_G_T
1,21_36206893_36206893_G_A
1,X_53430550_53430550_G_A
1,13_28610138_28610138_G_A
1,X_70347975_70347975_G_A
1,21_36164656_36164656_A_AG
1,X_133547684_133547684_C_CT
1,11_32417908_32417908_CCG_C
1,11_32417923_32417923_T_TCGTA
1,8_128750682_128750682_C_CCCG
1,8_117868404_117868404_C_T
1,8_117864309_117864309_G_A
1,8_117864254_117864254_ATAGCTGACTCATCTATGTTTGTTCTGCTGGCCTCCATCACTGACTCCTGGAGGCG_A
1,1_115256529_115256529_T_A
1,2_25966979_25966979_GCT_G
1,8_117878910_117878910_G_GGCC
1,20_31022904_31022904_GAA_G
1,7_140453193_140453193_T_C
1,17_29553586_29553586_A_AC
1,4_55592178_55592178_C_CTGCCTA
1,2_25467099_25467099_G_T
1,8_128750681_128750681_C_A
1,2_25467059_25467059_G_A
1,2_25462054_25462054_C_T
1,1_36932127_36932127_G_T
1,9_139397762_139397762_A_G
1,X_39933038_39933038_TG_T
1,4_106158510_106158510_TAAG_T
1,21_36206776_36206776_T_TGG
1,12_112888211_112888211_A_T
1,21_36171610_36171610_T_TGGAG
1,2_25457168_25457168_C_A
1,8_117864213_117864213_G_A
1,4_55589769_55589769_TTACGACAGG_TGGAAGA
1,4_55589770_55589770_TACG_T
1,11_32417911_32417911_A_AC
1,21_44514780_44514780_C_T
1,7_148514968_148514968_C_T
1,17_7577082_7577082_C_T
1,17_7577030_7577030_C_T
1,12_112926888_112926888_G_C
1,21_36171623_36171623_AG_A
1,4_106190868_106190868_C_CA
1,21_36252865_36252865_C_T
1,7_104753233_104753233_TACCCCC_T
1,1_43814979_43814979_G_A
1,20_31023052_31023052_GT_G
1,X_123217329_123217329_T_TCA
1,13_28610131_28610131_G_C
1,5_170837546_170837546_T_TGCAG
1,2_25463587_25463587_C_G
1,X_133527665_133527665_G_C
1,X_133551217_133551217_C_T
1,17_7577156_7577156_C_T
1,17_7578272_7578272_G_A
1,2_25463242_25463242_A_C
1,4_106157754_106157754_AC_A
1,X_123179197_123179197_C_T
1,X_15836766_15836766_G_A
1,20_31022491_31022491_G_GT
1,X_133551197_133551197_A_G
1,1_36932108_36932108_A_C
1,X_39914670_39914670_TCTAC_T
1,1_115258748_115258748_C_G
1,X_133511707_133511707_T_TA
1,4_106156675_106156675_C_T
1,2_25467132_25467132_C_G
1,11_32417911_32417911_AC_A
1,2_25457192_25457192_G_A
1,17_7577574_7577574_T_C
1,2_198267481_198267481_T_C
1,7_148526829_148526829_C_T
1,X_133527949_133527949_C_T
1,X_53426590_53426590_A_G
1,11_32417914_32417914_G_C
1,2_198267483_198267483_C_A
1,2_25464463_25464463_C_A
1,19_33793264_33793264_C_CA
1,19_33792403_33792403_G_GCGC
1,13_28608327_28608327_G_C
1,4_106193767_106193767_CT_C
1,21_36259235_36259235_G_C
1,X_39934303_39934303_T_TC
1,21_36252859_36252859_C_CCACTTCGTCCCTAGT
1,19_33792404_33792404_CGCT_C
1,3_128202761_128202761_C_T
1,19_33793250_33793250_T_TGCGC
1,11_32413565_32413565_C_T
1,12_54686506_54686506_CG_C
1,11_32456424_32456424_G_T
1,4_55599320_55599320_G_A
1,12_112888210_112888210_G_C
1,20_31023918_31023918_C_T
1,2_25470497_25470497_C_T
1,4_106155787_106155787_CTGTCTCAATAT_C
1,17_7578395_7578395_G_C
1,3_128202731_128202731_C_A
1,3_128202732_128202732_G_C
1,21_36259183_36259183_G_A
1,19_33793162_33793162_G_GC
1,19_33792321_33792321_C_T
1,4_106155439_106155439_C_T
1,17_7577520_7577520_A_C
1,2_25457165_25457165_ACTC_A
1,21_36171600_36171600_G_C
1,1_155874289_155874289_T_C
1,X_123202413_123202413_G_A
1,13_28608263_28608263_T_G
1,11_32449554_32449554_T_TG
1,12_12006417_12006417_C_CT
1,7_148507454_148507454_A_G
1,18_42531988_42531988_G_A
1,21_36206818_36206818_G_A
1,4_106155778_106155778_G_GA
1,7_148544338_148544338_C_T
1,21_36252937_36252937_G_GCC
1,12_112926900_112926900_C_A
1,4_106190906_106190906_TA_T
1,X_123179104_123179104_C_T
1,X_123215380_123215380_T_C
1,X_39923607_39923607_G_GTT
1,21_36206729_36206729_AG_A
1,17_7578395_7578395_G_A
1,12_112888195_112888195_T_C
1,12_112926887_112926887_G_A
1,11_32417942_32417942_A_ACGCCTCCC
1,2_25972585_25972585_G_A
1,11_32450063_32450063_A_T
1,16_67654624_67654624_C_T
1,4_106180832_106180832_T_C
1,X_48649698_48649698_CCTACTACAGGGA_CTACT
1,21_36206746_36206746_AG_A
1,4_106155161_106155161_C_G
1,4_106164880_106164880_G_T
1,8_117869504_117869504_A_T
1,21_36231833_36231833_G_C
1,2_25498387_25498387_G_C
1,17_29553591_29553591_T_TATGGTCTGGGGAG
1,19_33793146_33793146_C_A
1,X_39933009_39933009_C_CT
1,2_25466793_25466793_A_G
1,3_128200691_128200691_C_T
1,3_128200752_128200752_A_T
1,12_54686468_54686468_C_CAGG
1,4_55589769_55589769_TTACGA_TAC
1,X_39923040_39923040_G_T
1,3_128205022_128205022_A_G
1,18_31318558_31318558_A_T
1,11_85968622_85968622_CCT_C
1,13_28608287_28608287_A_G
1,X_53441941_53441941_C_T
1,17_7578460_7578460_A_C
1,17_7577545_7577545_T_C
1,2_25457209_25457209_C_G
1,2_25457208_25457208_C_A
1,4_106190860_106190860_C_A
1,2_25467123_25467123_G_C
1,11_32417942_32417942_A_AG
1,13_28608342_28608342_A_C
1,8_117864272_117864272_TTTG_T
1,20_31021658_31021658_G_T
1,10_112356291_112356291_T_C
1,7_148504767_148504767_C_CGGGT
1,7_148523717_148523717_C_A
1,5_170837546_170837546_T_TGTCA
1,17_29556079_29556079_C_T
1,17_7578382_7578382_G_C
1,13_28608317_28608317_T_G
1,2_25468920_25468920_G_C
1,8_117861192_117861192_CCATGAAG_C
1,17_7577575_7577575_A_G
1,X_133547692_133547692_G_C
1,19_17949108_17949108_C_T
1,X_48650840_48650840_C_T
1,4_106196926_106196926_TG_T
1,4_106157646_106157646_A_AC
1,20_31023523_31023523_C_CT
1,7_101813768_101813768_C_CA
1,17_29676195_29676195_T_G
1,17_7577094_7577094_G_C
1,17_29665110_29665110_C_T
1,X_44929566_44929566_TA_T
1,17_29550587_29550587_T_G
1,X_48652501_48652501_C_T
1,13_28592639_28592639_TATCT_TC
1,17_7577114_7577114_C_A
1,17_29552122_29552122_A_AG
1,20_31022245_31022245_C_G
1,21_36231877_36231877_T_G
1,21_44524453_44524453_C_T
1,11_32417954_32417954_C_T
1,17_29486049_29486049_GA_G
1,X_39914627_39914627_AG_A
1,10_112358012_112358012_G_GAA
1,2_25463545_25463545_G_A
1,X_39933353_39933353_GA_G
1,2_25463535_25463535_A_T
1,X_123182890_123182890_G_A
1,4_106157956_106157956_AGGTGGCATCTCTT_A
1,17_29553492_29553492_C_CCCT
1,17_7578508_7578508_C_T
1,13_28608282_28608282_C_A
1,21_36164611_36164611_C_A
1,X_123171437_123171437_CT_C
1,X_39932408_39932408_G_GT
1,7_104752838_104752838_CCCTCCACCT_C
1,16_18830967_18830967_C_A
1,2_25467522_25467522_C_A
1,2_25463229_25463229_A_G
1,19_33793205_33793205_G_A
1,2_25973214_25973214_G_GT
1,13_28589837_28589837_G_T
1,18_42531913_42531913_G_C
1,20_31024371_31024371_C_T
1,3_128202770_128202770_T_C
1,2_25470949_25470949_T_TC
1,X_44942761_44942761_C_CA
1,19_33793095_33793095_C_A
1,X_123185226_123185226_T_G
1,4_106180844_106180844_G_A
1,21_36252936_36252936_A_AGC
1,2_25469642_25469642_C_CCACCTGGAGGGTGA
1,7_101843453_101843453_G_C
1,4_106190887_106190887_C_T
1,20_31022468_31022468_CGGCGG_C
1,11_119149251_119149251_G_C
1,21_44524453_44524453_C_A
1,7_104747636_104747636_TC_T
1,13_28602376_28602376_C_G
1,20_31022288_31022288_C_G
1,7_148506165_148506165_G_C
1,X_39931609_39931609_G_GC
1,21_36206706_36206706_C_T
1,17_7577115_7577115_A_G
1,21_36206891_36206891_C_CCG
1,21_36259214_36259214_C_CT
1,X_39922282_39922282_G_C
1,17_7578474_7578474_CG_C
1,21_36252908_36252908_T_C
1,11_32456559_32456559_C_CG
1,4_106193784_106193784_C_T
1,11_119148531_119148531_CAAGACCATATCAAAG_C
1,11_64535210_64535210_C_T
1,11_32417910_32417910_G_GACCGTACAAGAACCT
1,11_32449586_32449586_A_ACGGGT
1,21_36259155_36259155_CAGGGTCTTG_CCTT
1,21_36206762_36206762_AC_A
1,21_36259176_36259176_G_C
1,X_133547558_133547558_GC_G
1,X_123191747_123191747_G_T
1,X_123200228_123200228_G_GTACTCA
1,5_170837551_170837551_G_GAGGC
1,4_55593404_55593404_C_CGCTGCCCCT
1,2_25463573_25463573_CAG_C
1,2_25470493_25470493_C_T
1,21_36164759_36164759_G_GC
1,11_32449594_32449594_C_CTGCTAGAACCA
1,12_112888158_112888158_C_A
1,13_28608287_28608287_A_T
1,21_36171684_36171684_G_GGA
1,8_117869501_117869501_C_T
1,2_25468186_25468186_C_A
1,7_148506458_148506458_T_G
1,18_42531855_42531855_A_T
1,21_36259229_36259229_C_A
1,3_128200138_128200138_CTTCATG_C
1,2_25466793_25466793_A_C
1,11_32413610_32413610_C_A
1,17_7578212_7578212_G_A
1,17_7577497_7577497_A_T
1,17_7577559_7577559_G_C
1,2_25463554_25463554_A_T
1,7_148524329_148524329_GA_G
1,12_112926851_112926851_C_T
1,2_25463316_25463316_C_A
1,11_32414215_32414215_T_TA
1,19_33793141_33793141_CG_C
1,19_33792400_33792400_G_GTTGCGCTGC
1,X_123184980_123184980_G_GT
1,7_148523620_148523620_A_T
1,1_155874287_155874287_A_G
1,1_1747227_1747227_C_A
1,4_106156958_106156958_AC_A
1,2_25467164_25467164_C_G
1,X_39931856_39931856_CA_C
1,21_36171717_36171717_TG_T
1,2_25470597_25470597_C_T
1,4_106194057_106194057_C_T
1,16_67650719_67650719_C_T
1,17_7577120_7577120_C_A
1,17_7579307_7579307_C_T
1,X_39932724_39932724_ACTCGGTT_A
1,12_112888165_112888165_G_T
1,9_139407931_139407931_CATT_C
1,11_119148990_119148990_T_C
1,21_36231769_36231769_A_G
1,2_25966985_25966985_T_A
1,2_25462073_25462073_CA_C
1,13_28608278_28608278_T_C
1,20_31021163_31021163_G_A
1,12_54686644_54686644_C_CA
1,10_112349671_112349671_T_G
1,10_112361552_112361552_GAAGA_G
1,1_155880292_155880292_T_C
1,17_29556992_29556992_G_T
1,17_7578413_7578413_C_T
1,21_36164863_36164863_C_CG
1,7_148514354_148514354_C_A
1,X_15821827_15821827_G_T
1,17_7576928_7576928_T_C
1,17_7578454_7578454_G_GCGCGGA
1,19_33793045_33793045_C_CT
1,X_133549136_133549136_C_T
1,4_88902690_88902690_GA_G
1,4_106155234_106155234_TC_T
1,19_33793131_33793131_T_TGTCG
1,13_28592624_28592624_T_A
1,2_25470568_25470568_GCCC_G
1,X_39933177_39933177_GC_G
1,X_123197818_123197818_AAC_A
1,11_32417915_32417915_T_TACAAGAGTCTA
1,X_123196785_123196785_GA_G
1,X_15809110_15809110_AG_A
1,16_67654677_67654677_C_G
1,4_106156935_106156935_T_TG
1,4_106158503_106158503_G_A
1,4_106182925_106182925_C_CTT
1,1_155874285_155874285_A_C
1,12_12022594_12022594_C_CCT
1,X_39933732_39933732_C_T
1,2_198266753_198266753_C_T
1,8_117874158_117874158_TC_T
1,21_36252973_36252973_A_T
1,X_76938092_76938092_C_T
1,17_7577545_7577545_T_G
1,X_133549151_133549151_G_A
1,X_123184124_123184124_T_TA
1,1_1747227_1747227_C_G
1,11_32414263_32414263_G_A
1,12_112926910_112926910_G_T
1,2_25462068_25462068_A_G
1,20_31024419_31024419_A_T
1,7_148513871_148513871_C_A
1,3_128202768_128202768_C_T
1,2_25469541_25469541_C_T
1,4_106155466_106155466_CG_C
1,4_106157345_106157345_AAATAAAG_A
1,19_17945969_17945969_C_T
1,19_33792461_33792461_AC_A
1,4_106162545_106162545_AG_A
1,4_106196664_106196664_CTCTG_C
1,8_117866513_117866513_G_A
1,17_29528458_29528458_A_AT
1,12_12038902_12038902_C_T
1,2_25458589_25458589_TG_T
1,5_170819931_170819931_TTGC_T
1,7_148526916_148526916_T_C
1,4_106190898_106190898_CACATTGGTAAG_C
1,4_106197113_106197113_T_A
1,17_7579424_7579424_GCTGGTGCAGGGGCCGCCGGTGTAGGAGCT_G
1,17_7579419_7579419_A_AG
1,X_76937093_76937093_CCTCACCTATAGAATT_C
1,17_7579358_7579358_C_G
1,X_123196759_123196759_C_CA
1,11_32417917_32417917_C_CAAGAG
1,11_32417925_32417925_G_GTGTGCCT
1,13_28608275_28608275_A_C
1,4_106156009_106156009_GC_G
1,4_106157758_106157758_G_T
1,3_128202756_128202756_A_T
1,10_112340744_112340744_G_A
1,17_29661945_29661945_C_T
1,11_32417941_32417941_C_CA
1,X_39934042_39934042_T_TGA
1,16_67116209_67116209_G_T
1,4_55594260_55594260_A_G
1,X_123200224_123200224_C_T
1,X_39913588_39913588_T_G
1,X_123171416_123171416_C_T
1,X_123199793_123199793_ATAAG_A
1,19_33793020_33793020_CG_C
1,3_128202731_128202731_C_T
1,4_106156729_106156729_C_T
1,4_106193874_106193874_G_GT
1,X_39921391_39921391_C_T
1,21_36259171_36259171_C_CGCCAGTG
1,21_36252991_36252991_A_ACATC
1,10_112340661_112340661_G_C
1,4_106197333_106197333_C_T
1,X_39932594_39932594_T_TTA
1,2_25467208_25467208_C_G
1,4_106190766_106190766_G_T
1,21_36164809_36164809_A_AGTAG
1,X_133549137_133549137_G_T
1,13_28592612_28592612_T_C
1,19_33792907_33792907_G_T
1,X_123197861_123197861_C_CAGAT
1,16_67645275_67645275_AG_A
1,8_117875500_117875500_T_C
1,X_133551333_133551333_G_C
1,2_25464533_25464533_G_T
1,21_36231776_36231776_G_T
1,2_25463199_25463199_T_C
1,4_106193931_106193931_C_T
1,5_170837546_170837546_T_TGTCG
1,4_106193967_106193967_G_T
1,4_106196528_106196528_C_CTT
1,8_117866524_117866524_GA_G
1,19_33792391_33792391_C_CAGA
1,19_33793135_33793135_GATGGACGTCTCGTGCTCGCAGATGCCGCCCAGCGGCTCCGGGGCGGCAGGTGGGGCGGGAGGCTGCGCGGGGCCCGCGCCCCGGGGAAAGCCGAAGGCGGCGCTGCTGGGCGCGTGCGGGGGGCTCTGCAGGTGGCTGCTCATCGGGGGCCGCGGCTCCGCCTCGTAGAAGTCGGCCGACTCCATGGGGGAGTTAGAGTTCTCCCGGCATGGCGAGCCTCGGCGGCCTCCAGCCTGCGCGGGGCGTCGCCGCCGCCCACCCGGAGACCCTGCTCGCCCGCGCCCGCGCACCTCCGGGTCGCGAATGGCCCGGCCCGCGCCGGCCCAGCTTTTATACCCGGCAGGCCGCGTCGCCCCCTAGAGTCCGAGGCGGCCTCTGTCCCCGGGCTGCGGCGGCGCGGCGCCTGCTGGGTCCTAGCGCGCGGCCGGCATGGGGCGGCGAACCAGCGCGGCACAGCGCCGCGCTCCCCAGGCAGGCCGCGGCGCAACGCCCACCGCCTCCAGCGCGCCCAGCAGAGCCGCGGCGCTCGCTCCAAGCTCCGCCCCCGGCCCGGCCGTCGCCCCCGCGCCCACGTGGTCGGTAGCGGGGGCCCCCTCCTCCTGCCTGCCCTAGGCGCCCGTATCCAGCCACGGCCGGGAGCCCAGGAGTATCCCGAGGCTGCACGGGGTAGGGGTGGGGGGCGGAGGGCGAGTCTTGGTCTTGAGCTGCTGGGGCGCGGATTCTCTTTCAAAGCCAGAACCAGGCCTGTCCCGGACCCGCGTCCCGGGGAGGCTGCAGCGCAGAGCAGCGGGGCTGGGGCCGGTGGGGGGCCGTTTGGGACGCGCGGAGAGGTCCTGAGCGCGGTGGCTCTGCGTCTCCTAGCTCTGATCTCCAGGCTACCCCTGTGATTCCGCGCAGAGGTACCTCTCGGAGGACGCCGGGGTCCCATGGGCGGCGCCGCGCAGGGCGCTAGGACCCCGCGGGGAGCGGAGGCGGCCTCGGCCCGGGAGCCTGGAGGACCTGGCCGGTCGATCCGCCCGGGCTGGAAAACTTTCTTTATAATTACTTCTCCAGGTCGGAGCGCGCGGCTTGCTAGGCGCGCGGGGCCGGCGCTGTTACCCGGCGTGGAGTCGCCGATTTTTTTTCCTGCGGGACCGCGGGGCCCCCCAGACTAGCGGAGCTGGACGCCGGGGCGAGCACGGGGAGGGGCGCACCGAGGGAGGAGACAAACTTAACTCTGGGGCCGGGATTCCGAGGCGGGGGCCGCAGCCCTCGAGGCCCGAAGCCACCGCTTCCTCCCCCGCCTCCCCATTCAGGTGGGCGCCAACGGCGGGAGCGAGGGTGTCCAGGCCGCCGGGCTGCCAGGTCCGAGCACGCACAGGGAGAACTCTGCCCAGTGGTTCGCCGGGCGCTGTAGTCCCCGGGATCCTAGGGACCGAGGCGGCCAGGCCCTGGGGCCC_G
1,4_106158331_106158331_AC_A
1,20_31022572_31022572_AGT_A
1,21_36231859_36231859_CAG_C
1,17_7577536_7577536_T_A
1,17_7578526_7578526_CA_C
1,17_7577121_7577121_G_GC
1,20_31023027_31023027_A_T
1,7_148504781_148504781_G_C
1,X_133551317_133551317_C_A
1,4_106157646_106157646_AC_A
1,4_106197248_106197248_G_A
1,4_106164772_106164772_C_T
1,3_128202800_128202800_C_CGGT
1,19_33792382_33792382_CTTCTGCTGCGTCTCCACG_C
1,11_119148922_119148922_G_T
1,4_106158022_106158022_AGTCAGAT_A
1,4_106196488_106196488_A_AT
1,12_25380275_25380275_T_G
1,12_54686228_54686228_GCGTACTC_G
1,4_106193787_106193787_G_T
1,4_106197359_106197359_TC_T
1,2_25459868_25459868_CA_C
1,21_36171612_36171612_GA_G
1,4_106180912_106180912_GA_G
1,4_106158492_106158492_A_AT
1,11_119148907_119148907_C_T
1,21_36231873_36231873_T_G
1,13_28592612_28592612_T_TTGGAAGGTC
1,21_36259177_36259177_T_G
1,7_148543581_148543581_G_T
1,2_25457226_25457226_TC_T
1,X_133559261_133559261_TGA_T
1,2_25966983_25966983_T_TCTCAGCTTGCG
1,17_7577548_7577548_C_T
1,8_117878904_117878904_T_C
1,1_43818309_43818309_C_T
1,20_31023913_31023913_C_A
1,20_31023110_31023110_A_AT
1,17_7578407_7578407_G_A
1,21_36164867_36164867_G_GA
1,7_101840402_101840402_C_T
1,X_39913509_39913509_CA_C
1,19_33792390_33792390_G_GCGT
1,19_33793203_33793203_CG_C
1,2_25457242_25457242_C_A
1,2_25468168_25468168_G_GT
1,4_55561911_55561911_C_CACG
1,20_31021632_31021632_A_ATCGTCAG
1,4_106180835_106180835_G_T
1,7_148507464_148507464_C_T
1,2_25462065_25462065_T_C
1,2_25467127_25467127_C_T
1,19_33793132_33793132_G_GACGGGAA
1,11_119148921_119148921_T_C
1,7_148523563_148523563_T_C
1,20_31022317_31022317_C_T
1,21_36252945_36252945_G_GT
1,4_106156951_106156951_C_T
1,10_112356176_112356176_G_T
1,19_33793144_33793144_CT_C
1,11_32414262_32414262_C_G
1,19_33792375_33792375_C_CCAG
1,X_123210181_123210181_G_T
1,4_106196877_106196877_C_CCT
1,4_106157752_106157752_G_T
1,2_25467466_25467466_CAGT_C
1,X_53436435_53436435_C_A
1,17_29654565_29654565_CTAGGG_C
1,17_29586148_29586148_G_T
1,21_36259235_36259235_G_GGT
1,19_33792754_33792754_GGGCGGCGGC_G
1,9_139397772_139397772_A_ATCT
1,2_25462050_25462050_G_A
1,2_25470485_25470485_C_T
1,17_29554590_29554590_T_A
1,12_112915524_112915524_A_G
1,11_32456355_32456355_GGGCCC_G
1,19_33792562_33792562_G_GTGAATCAGGGTTT
1,21_36164859_36164859_AGC_A
1,9_139412291_139412291_CG_C
1,19_33793109_33793109_G_GC
1,1_36940999_36940999_G_A
1,X_123197056_123197056_G_A
1,X_123197842_123197842_C_T
1,2_25467448_25467448_C_G
1,8_117870645_117870645_T_TAA
1,19_33792408_33792408_G_GCAA
1,19_33793133_33793133_T_TCGATGGA
1,4_106193930_106193930_C_A
1,7_148508767_148508767_TA_T
1,13_28608268_28608268_T_A
1,11_32417919_32417919_A_AGAGGTTCTCT
1,13_28608320_28608320_A_G
1,21_36206734_36206734_T_TAA
1,8_128750687_128750687_C_G
1,8_117861179_117861179_CAATACCTG_C
1,2_25470545_25470545_A_G
1,2_25464494_25464494_GC_G
1,19_33792407_33792407_T_TGGCCCCCAAACC
1,2_25470555_25470555_G_A
1,10_112356215_112356215_C_CGAA
1,1_155874261_155874261_C_G
1,19_33792954_33792954_C_A
1,10_112343981_112343981_A_G
1,17_7572986_7572986_G_A
1,17_7578393_7578393_A_C
1,12_49424741_49424741_G_A
1,21_36252853_36252853_C_G
1,20_31022448_31022448_GGT_G
1,11_119148967_119148967_G_A
1,21_36252852_36252852_A_G
1,4_106157251_106157251_CT_C
1,4_106164022_106164022_G_GA
1,7_148506219_148506219_T_C
1,11_119148486_119148486_C_T
1,8_128750680_128750680_A_ACCCCGC
1,10_112364068_112364068_A_ATAC
1,8_117878838_117878838_A_T
1,19_33792779_33792779_T_TA
1,2_25467150_25467150_GGCTGCCTGGGCAGC_G
1,4_106183006_106183006_G_C
1,4_106196751_106196751_GT_G
1,X_123220476_123220476_C_T
1,16_67650717_67650717_G_C
1,4_106180908_106180908_TG_T
1,X_48649670_48649670_A_ACAGCC
1,2_25467206_25467206_AC_A
1,X_123182873_123182873_G_T
1,4_106197112_106197112_C_CT
1,20_31022418_31022418_G_T
1,3_128202800_128202800_C_A
1,4_55599321_55599321_A_C
1,19_33793227_33793227_CG_C
1,19_33792368_33792368_G_C
1,4_55598094_55598094_T_C
1,12_11992105_11992105_C_CG
1,8_128750681_128750681_C_T
1,X_44942755_44942755_T_TCAAAGGGCCC
1,5_170834736_170834736_C_CAGGAGGCT
1,17_7578524_7578524_G_A
1,4_106156870_106156870_C_T
1,2_25464505_25464505_T_TG
1,21_36252867_36252867_A_AC
1,X_39916530_39916530_A_AT
1,X_123202459_123202459_A_AT
1,11_32413598_32413598_A_C
1,1_36932213_36932213_A_T
1,X_39932909_39932909_C_A
1,X_39933134_39933134_GAGATAGTGTTTCTT_GGCCC
1,7_148513776_148513776_C_T
1,X_123217281_123217281_G_T
1,21_36231859_36231859_C_CA
1,19_33792929_33792929_T_A
1,X_123179180_123179180_C_CTTGT
1,X_39933874_39933874_T_TC
1,7_101845201_101845201_C_T
1,21_36171610_36171610_T_TG
1,2_25469029_25469029_C_G
1,4_106196955_106196955_TCCATAACTACAGTGCAGCTC_T
1,19_33793131_33793131_TGTCGATGGAC_T
1,19_33792561_33792561_TGAGCG_TAACC
1,21_36259330_36259330_T_TAG
1,4_55589763_55589763_CCTGACTTA_CCT
1,17_7577569_7577569_A_G
1,17_7578524_7578524_G_C
1,17_7578291_7578291_T_G
1,20_31022458_31022458_G_GT
1,2_25462025_25462025_GA_G
1,2_25458627_25458627_G_A
1,4_106182915_106182915_G_A
1,4_106190784_106190784_AGCACCAGAGT_A
1,13_28608309_28608309_C_T
1,X_123197849_123197849_T_TC
1,9_139399395_139399395_TCCG_T
1,9_139391583_139391583_AG_A
1,2_25464441_25464441_G_GT
1,X_53432586_53432586_T_TGAC
1,2_198267483_198267483_C_T
1,X_39911513_39911513_A_T
1,21_36259142_36259142_TGAAAGC_T
1,20_31022513_31022513_T_TGATG
1,12_12038954_12038954_TGTT_TC
1,17_7579329_7579329_T_C
1,21_36252867_36252867_A_ACCG
1,8_128750683_128750683_C_T
1,11_32417910_32417910_GACCGTACAAGA_G
1,13_28608262_28608262_T_A
1,4_55589766_55589766_GACTTACG_GT
1,2_25472561_25472561_G_A
1,4_106196699_106196699_CT_C
1,7_101892102_101892102_C_G
1,X_53432062_53432062_C_T
1,17_7577088_7577088_T_A
1,4_106157993_106157993_C_CA
1,4_106193995_106193995_C_A
1,7_140453136_140453136_A_T
1,X_70339253_70339253_G_T
1,17_7578419_7578419_C_A
1,19_33793250_33793250_TGCGGGGG_T
1,4_106157167_106157167_C_T
1,7_101758501_101758501_C_T
1,4_106156310_106156310_TG_T
1,21_36171670_36171670_C_CTGGG
1,X_123217400_123217400_G_GT
1,13_28608329_28608329_A_T
1,X_39933921_39933921_G_GGACTGCTGAGGTAGCAAGGCCT
1,19_33792709_33792709_CG_C
1,11_32413556_32413556_T_C
1,4_106157845_106157845_C_T
1,2_25470905_25470905_C_T
1,X_39931990_39931990_GTAT_GCA
1,17_29528504_29528504_G_A
1,17_29677245_29677245_A_T
1,X_39931605_39931605_CA_C
1,21_36252852_36252852_ACCTCTTCCAC_ACCCC
1,21_36164780_36164780_GC_G
1,1_36932254_36932254_G_A
1,17_74732938_74732938_CGGCTGTGGTGTGAGTCCGGGG_C
1,X_15838375_15838375_G_A
1,X_133527665_133527665_G_A
1,21_36164707_36164707_G_GCTCT
1,21_36164693_36164693_G_GC
1,8_128750684_128750684_C_A
1,8_117868458_117868458_GTTGT_G
1,17_29585391_29585391_C_CATCG
1,4_106194075_106194075_G_A
1,4_106158275_106158275_C_A
1,7_148544335_148544335_A_AACCCC
1,4_106190872_106190872_G_A
1,1_36932248_36932248_G_A
1,4_106162586_106162586_G_A
1,4_106155467_106155467_G_GT
1,4_106156551_106156551_TGTGAACAG_T
1,17_29667559_29667559_G_GT
1,X_133549137_133549137_G_A
1,X_15841092_15841092_TG_T
1,7_148506467_148506467_G_A
1,4_106197210_106197210_C_G
1,20_31022366_31022366_TAA_T
1,19_33792807_33792807_G_A
1,2_25972890_25972890_T_TAATGGAG
1,13_28610159_28610159_T_A
1,4_106196599_106196599_A_AT
1,20_31022439_31022439_GGA_G
1,4_106158260_106158260_T_TA
1,4_106157388_106157388_CCAAAG_C
1,17_29663907_29663907_T_A
1,17_29527548_29527548_T_TA
1,1_43815008_43815008_T_A
1,1_43815009_43815009_G_A
1,8_117859849_117859849_T_TTC
1,13_28608267_28608267_A_T
1,12_112888165_112888165_G_A
1,2_25470022_25470022_A_T
1,1_36932224_36932224_G_A
1,17_29562746_29562746_C_T
1,20_31022737_31022737_A_T
1,11_119148946_119148946_A_G
1,11_64535148_64535148_T_C
1,2_25462078_25462078_G_A
1,4_106156853_106156853_C_A
1,X_39923054_39923054_C_T
1,X_39932084_39932084_T_TG
1,3_128200744_128200744_G_C
1,19_33792366_33792366_T_G
1,7_148504767_148504767_C_CGGGTTTT
1,7_148514318_148514318_CTACATGTTTTGGTCCCAATTAACCT_CCGGGGAAAAAA
1,7_148523690_148523690_C_T
1,7_148526862_148526862_C_T
1,3_128202759_128202759_G_A
1,21_36164679_36164679_C_T
1,21_44514642_44514642_T_A
1,13_28608331_28608331_C_A
1,X_39922027_39922027_TC_T
1,7_148511209_148511209_A_T
1,13_28608340_28608340_A_T
1,5_170837546_170837546_T_TGCAA
1,X_39922068_39922068_C_CA
1,X_53426564_53426564_T_A
1,21_36171717_36171717_TGATCGTAGG_TGAAG
1,X_123215248_123215248_C_T
1,17_29676195_29676195_T_C
1,17_29556974_29556974_T_A
1,15_90631839_90631839_T_A
1,2_25469940_25469940_C_T
1,13_28608312_28608312_T_C
1,2_25470516_25470516_G_A
1,4_106164068_106164068_G_A
1,X_44942756_44942756_C_CG
1,17_7578404_7578404_A_C
1,17_7578394_7578394_T_A
1,19_33792387_33792387_G_GTTGCGT
1,19_33793040_33793040_GC_G
1,21_36259210_36259210_C_T
1,X_39932733_39932733_T_TG
1,4_106196482_106196482_AG_A
1,3_128202797_128202797_C_G
1,19_33792246_33792246_A_ACGCGCC
1,8_117878960_117878960_G_T
1,11_119148891_119148891_T_C
1,4_106164794_106164794_G_T
1,8_117878910_117878910_G_A
1,12_11992105_11992105_C_CGG
1,X_44942750_44942750_G_GCGTGT
1,4_55599332_55599332_G_T
1,21_36259261_36259261_C_CT
1,21_36252881_36252881_G_GGTCATT
1,21_36259222_36259222_AC_A
1,4_106180795_106180795_G_T
1,19_33792834_33792834_C_A
1,4_106155748_106155748_TC_T
1,20_31022927_31022927_A_AC
1,4_106164022_106164022_GA_G
1,9_21970989_21970989_A_T
1,20_31021634_31021634_C_T
1,19_33793111_33793111_CGG_C
1,X_70344125_70344125_C_T
1,19_33792449_33792449_C_G
1,2_25464472_25464472_T_A
1,21_36252856_36252856_C_G
1,X_133527640_133527640_AGAAAC_A
1,X_70348291_70348291_G_T
1,4_106164767_106164767_T_C
1,X_39911436_39911436_C_A
1,17_29657375_29657375_C_T
1,17_29662047_29662047_C_T
1,X_123184087_123184087_G_A
1,X_133547527_133547527_T_G
1,21_36231768_36231768_T_TGA
1,8_117875444_117875444_A_C
1,10_112356167_112356167_A_C
1,10_112356168_112356168_G_C
1,2_25458619_25458619_T_C
1,17_7578236_7578236_A_G
1,X_39931787_39931787_T_TG
1,2_25463286_25463286_C_T
1,21_36259162_36259162_T_C
1,17_7573998_7573998_CT_C
1,17_1563288_1563288_T_C
1,2_25463185_25463185_A_G
1,16_67654625_67654625_G_A
1,4_106158413_106158413_TAG_T
1,2_25463182_25463182_G_C
1,20_31022837_31022837_AT_A
1,2_25471047_25471047_CT_C
1,2_25464444_25464444_A_T
1,11_32417944_32417944_G_GTTAGCC
1,4_55599338_55599338_A_T
1,X_70339253_70339253_G_C
1,2_25470503_25470503_CCTTCAGCTG_C
1,17_7577509_7577509_C_T
1,4_106158256_106158256_CAAG_CT
1,4_106157329_106157329_C_T
1,X_53409199_53409199_C_T
1,9_139391516_139391516_C_CCGCCCGG
1,19_33792456_33792456_G_A
1,17_29556174_29556174_T_TGG
1,8_117875450_117875450_G_A
1,X_70348212_70348212_G_A
1,9_139399347_139399347_A_ACTC
1,X_123210187_123210187_C_T
1,2_25467099_25467099_G_GT
1,5_170837551_170837551_G_GAGGA
1,4_153244092_153244092_G_A
1,7_101870757_101870757_A_G
1,17_74732960_74732960_G_A
1,8_117878875_117878875_C_T
1,7_104746025_104746025_AC_A
1,17_7577097_7577097_C_T
1,2_25468145_25468145_CA_C
1,12_112926909_112926909_A_G
1,4_106196965_106196965_C_CA
1,4_106180817_106180817_G_A
1,19_33792476_33792476_C_A
1,17_29562747_29562747_G_A
1,21_36259178_36259178_G_A
1,4_106157653_106157653_G_T
1,X_123179164_123179164_AC_A
1,X_15838370_15838370_C_T
1,2_25469918_25469918_A_T
1,2_25457247_25457247_C_G
1,20_31022297_31022297_C_A
1,3_128200137_128200137_T_C
1,4_106158505_106158505_G_GT
1,21_36231792_36231792_C_A
1,10_112361458_112361458_G_A
1,4_106190797_106190797_C_A
1,X_123196995_123196995_CTTGTTGCAG_C
1,17_29657343_29657343_T_G
1,18_42618609_42618609_C_T
1,2_25967115_25967115_A_AC
1,19_33792453_33792453_C_A
1,2_25463297_25463297_AAAG_A
1,2_198267369_198267369_G_A
1,8_117875488_117875488_G_A
1,2_25469927_25469927_A_T
1,8_117864927_117864927_T_TG
1,12_11992215_11992215_T_TGG
1,X_44732825_44732825_A_ACCGCCGCCGCTG
1,X_15841000_15841000_GA_G
1,7_148524311_148524311_CA_C
1,7_148506161_148506161_A_G
1,4_106196556_106196556_C_G
1,4_106156253_106156253_CAGTGTTCACTA_C
1,21_36231791_36231791_T_A
1,7_148504778_148504778_A_G
1,X_123191770_123191770_A_ACAAGGAC
1,15_90631935_90631935_G_C
1,17_7578474_7578474_C_CG
1,20_31023433_31023433_G_GT
1,7_139090389_139090389_G_A
1,8_117866693_117866693_CT_C
1,17_7577081_7577081_T_G
1,2_25466800_25466800_G_A
1,11_32449576_32449576_C_CG
1,7_148525866_148525866_TTC_T
1,4_106180927_106180927_G_T
1,1_155874285_155874285_A_T
1,17_7578546_7578546_A_AG
1,19_33792432_33792432_G_A
1,20_31022393_31022393_GGCG_GC
1,20_31022395_31022395_CGA_C
1,4_106180792_106180792_CAG_C
1,X_123197816_123197816_T_TC
1,4_106193809_106193809_CT_C
1,4_106180817_106180817_G_T
1,18_42531907_42531907_G_C
1,3_128200119_128200119_G_A
1,4_106158099_106158099_CA_C
1,7_148525973_148525973_C_T
1,4_106164794_106164794_G_A
1,21_36164652_36164652_C_CCGTA
1,7_148508736_148508736_A_T
1,2_25457180_25457180_CG_C
1,13_28592623_28592623_T_G
1,17_7578535_7578535_T_C
1,X_133512120_133512120_A_ACCCCCCT
1,17_29676262_29676262_C_G
1,2_25458645_25458645_C_T
1,4_106196650_106196650_T_G
1,3_128205652_128205652_C_CG
1,21_36252931_36252931_A_G
1,17_7576852_7576852_C_T
1,17_7577581_7577581_A_G
1,17_7577566_7577566_T_C
1,17_7574018_7574018_G_A
1,18_42531910_42531910_A_G
1,20_31023717_31023717_C_T
1,9_139397768_139397768_A_G
1,X_123195627_123195627_CAGAT_C
1,X_76939855_76939855_ATCT_A
1,X_39930312_39930312_C_T
1,X_133547897_133547897_TA_T
1,2_25467478_25467478_T_C
1,21_36206710_36206710_G_A
1,19_33792300_33792300_T_TGC
1,4_106196296_106196296_AC_A
1,17_7578461_7578461_C_A
1,21_36252859_36252859_C_T
1,4_106164814_106164814_AT_A
1,X_133511712_133511712_C_CA
1,4_106197285_106197285_T_A
1,7_148507447_148507447_G_C
1,X_15838400_15838400_G_T
1,4_106193977_106193977_CCTCCCTGGAG_C
1,4_106158215_106158215_C_A
1,X_76845349_76845349_T_C
1,4_106155631_106155631_G_T
1,2_25464464_25464464_G_T
1,2_25464504_25464504_ATGGAGTCCTCACACACCTCCGAGGCAATGTAGCGG_A
1,7_148529725_148529725_C_T
1,17_7577106_7577106_G_A
1,2_25459803_25459803_A_C
1,13_28608279_28608279_C_T
1,19_33793124_33793124_GCGCTGATGTCGATGGACGT_G
1,13_28608329_28608329_A_C
1,7_140476827_140476827_T_C
1,X_133527636_133527636_C_T
1,11_85977165_85977165_T_A
1,21_36164754_36164754_GC_G
1,X_15827427_15827427_C_A
1,13_28608276_28608276_A_T
1,2_198267705_198267705_C_T
1,2_25470532_25470532_C_T
1,17_7578375_7578375_GCTAT_G
1,21_36252868_36252868_C_CCGG
1,X_123195715_123195715_A_AGGAAAAAG
1,2_25463271_25463271_G_GC
1,17_29654857_29654857_G_A
1,4_55561796_55561796_CTTTGTCAAATGGACT_C
1,21_36164735_36164735_G_GT
1,X_123200106_123200106_T_TGAGCA
1,1_155874589_155874589_G_C
1,5_170834736_170834736_CATCAATTATGTGAAGAAT_CAGGCAATTGAAGATTT
1,3_128204903_128204903_CT_C
1,7_148544320_148544320_A_AT
1,X_53436413_53436413_G_A
1,7_101882622_101882622_CTCAG_C
1,1_155874530_155874530_C_T
1,17_7578500_7578500_G_A
1,10_112333493_112333493_CT_C
1,17_29552143_29552143_CT_C
1,X_15827442_15827442_G_A
1,10_112344048_112344048_AGTC_A
1,7_101898025_101898025_CCT_C
1,12_11905501_11905501_C_CCT
1,17_7578550_7578550_G_A
1,4_106157069_106157069_C_CA
1,7_139091971_139091971_C_T
1,4_106162498_106162498_CA_C
1,4_106164082_106164082_TG_T
1,2_25973196_25973196_TTTGG_T
1,4_106156552_106156552_G_GT
1,X_123224524_123224524_TGA_T
1,19_33793018_33793018_G_GGGTA
1,4_106197287_106197287_G_A
1,17_7577094_7577094_G_A
1,X_70345909_70345909_C_T
1,4_106196240_106196240_TC_T
1,X_53430716_53430716_ATCT_A
1,17_7579310_7579310_A_C
1,7_101813741_101813741_C_T
1,4_106194039_106194039_CA_C
1,4_106193801_106193801_CAA_C
1,11_32456484_32456484_A_AGGC
1,17_29553580_29553580_TCCGCCACCTCTGTGAG_T
1,17_7576851_7576851_A_C
1,2_25469632_25469632_C_T
1,2_25467188_25467188_C_T
1,17_7578271_7578271_T_A
1,2_25457158_25457158_G_A
1,X_39921487_39921487_G_A
1,19_33792367_33792367_G_GGTC
1,2_25471085_25471085_C_CA
1,3_128202710_128202710_C_CTT
1,X_39933823_39933823_G_T
1,17_7578226_7578226_T_A
1,4_106182980_106182980_T_C
1,4_106197149_106197149_C_T
1,15_90631934_90631934_C_A
1,5_170819766_170819766_C_CTTGAGAGGGATCGAGCTA
1,19_33792551_33792551_C_CCCAG
1,21_36259139_36259139_C_T
1,4_106157344_106157344_C_T
1,4_106196560_106196560_T_A
1,X_123179024_123179024_AT_A
1,X_39922966_39922966_G_A
1,4_106156115_106156115_ACATC_A
1,4_106180790_106180790_G_A
1,11_119148946_119148946_A_C
1,20_31022558_31022558_G_GAGCA
1,2_25463508_25463508_C_T
1,4_106164769_106164769_G_A
1,7_148524254_148524254_AC_A
1,2_25470556_25470556_C_T
1,2_25457191_25457191_C_T
1,11_32450073_32450073_CATGCTTGA_C
1,2_25470029_25470029_T_A
1,21_36259161_36259161_C_G
1,20_31023000_31023000_C_T
1,2_25472582_25472582_G_A
1,21_36252856_36252856_C_CT
1,X_53438709_53438709_A_G
1,20_31022660_31022660_AG_A
1,12_25380282_25380282_G_T
1,17_7578555_7578555_C_T
1,21_36164862_36164862_G_A
1,X_123197004_123197004_GT_G
1,17_29553582_29553582_C_CTCCT
1,17_7578188_7578188_C_A
1,17_7578189_7578189_A_T
1,10_112359571_112359571_G_C
1,2_25966926_25966926_T_TG
1,12_12037444_12037444_C_T
1,17_44109600_44109600_T_TG
1,4_55594063_55594063_G_A
1,2_198265515_198265515_G_A
1,4_106156935_106156935_T_TGG
1,2_25463195_25463195_CTT_C
1,X_70339993_70339993_A_T
1,X_70356485_70356485_C_T
1,4_106196639_106196639_CTGT_CT
1,7_148504761_148504761_C_T
1,7_148507476_148507476_C_T
1,12_49421039_49421039_G_A
1,16_67100678_67100678_G_T
1,17_29557401_29557401_G_A
1,4_106156200_106156200_TG_T
1,4_106156645_106156645_C_CTTTA
1,2_25458669_25458669_G_A
1,2_25466837_25466837_A_AAC
1,21_36252874_36252874_A_T
1,8_117864847_117864847_T_TA
1,19_33792407_33792407_T_G
1,19_33793028_33793028_G_GT
1,4_153247195_153247195_G_T
1,8_117869506_117869506_C_T
1,4_106157832_106157832_T_TGC
1,7_101845464_101845464_C_T
1,X_123179207_123179207_G_GC
1,12_12037475_12037475_G_A
1,12_25380283_25380283_C_T
1,X_44942755_44942755_T_TTGGCC
1,21_36164739_36164739_GTGTGGTAGCGC_G
1,4_106158410_106158410_TTATA_T
1,8_117870648_117870648_C_A
1,7_101839982_101839982_CCTT_C
1,4_106157069_106157069_C_G
1,12_49437783_49437783_T_C
1,8_117859771_117859771_CGAT_C
1,2_25469542_25469542_C_T
1,2_25466799_25466799_C_T
1,2_25467136_25467136_G_C
1,17_44110807_44110807_G_A
1,4_106157403_106157403_TC_T
1,4_106196748_106196748_T_TAGGTTA
1,4_106157159_106157159_CA_C
1,4_106158026_106158026_A_AG
1,X_15840975_15840975_TG_T
1,2_25471008_25471008_AG_A
1,17_7578493_7578493_C_T
1,13_28608277_28608277_A_C
1,21_36206824_36206824_G_A
1,X_123200051_123200051_TA_T
1,X_39923059_39923059_G_A
1,21_36259173_36259173_C_T
1,11_32438066_32438066_CT_C
1,11_32456361_32456361_G_T
1,21_36252852_36252852_A_T
1,11_32417907_32417907_G_GCCGA
1,10_112343602_112343602_CGTTTATTAAA_CT
1,2_25462022_25462022_C_T
1,11_32417924_32417924_C_CG
1,11_32421506_32421506_G_GAAGAC
1,X_39913515_39913515_CAG_C
1,X_123191804_123191804_G_GT
1,4_106157008_106157008_GA_G
1,X_39933773_39933773_T_TATCC
1,21_36164738_36164738_G_GGT
1,21_36252905_36252905_T_TCTTCA
1,2_25470498_25470498_G_C
1,4_106197275_106197275_T_C
1,4_106180785_106180785_C_A
1,4_106197249_106197249_G_A
1,17_29553688_29553688_A_AT
1,11_32413573_32413573_CT_C
1,19_33792952_33792952_T_TC
1,18_42531912_42531912_C_A
1,X_123164969_123164969_T_TA
1,17_7578372_7578372_A_T
1,7_152009026_152009026_CG_C
1,7_101840303_101840303_C_T
1,X_70354696_70354696_C_T
1,21_36164631_36164631_T_TG
1,4_106157590_106157590_C_T
1,4_106193946_106193946_G_GAAGCC
1,2_25470026_25470026_AC_A
1,7_104717796_104717796_T_A
1,4_106190837_106190837_C_T
1,X_39934070_39934070_T_TCTTGCCC
1,8_117878847_117878847_A_T
1,21_36171600_36171600_G_T
1,3_128205050_128205050_C_T
1,21_36252880_36252880_A_G
1,16_18826904_18826904_C_T
1,17_74732942_74732942_TGTG_T
1,12_112926270_112926270_C_T
1,17_74732945_74732945_G_A
1,2_25464439_25464439_G_A
1,4_106156283_106156283_C_G
1,7_101747618_101747618_G_GT
1,7_139092101_139092101_A_G
1,4_106155445_106155445_C_T
1,12_12037517_12037517_A_G
1,4_106164874_106164874_C_CT
1,7_151878506_151878506_G_GGGAATAAGA
1,8_117866502_117866502_C_T
1,X_133547983_133547983_A_T
1,4_106180900_106180900_A_G
1,X_15840904_15840904_CAT_C
1,20_57484421_57484421_G_A
1,20_31021211_31021211_C_T
1,17_44144912_44144912_T_TA
1,4_106193778_106193778_C_G
1,X_39932268_39932268_TG_T
1,1_155874529_155874529_G_C
1,21_36252863_36252863_T_TTCGACCCTTCCAC
1,4_106158343_106158343_G_T
1,12_12006496_12006496_G_A
1,13_28608287_28608287_A_C
1,5_170819745_170819745_AGAG_A
1,8_117870673_117870673_G_GGGAGGGGA
1,8_117878848_117878848_C_T
1,21_36252905_36252905_TCTTCATGG_T
1,X_70361778_70361778_G_A
1,17_44110510_44110510_C_A
1,13_28608260_28608260_T_A
1,12_81741427_81741427_G_A
1,X_123181213_123181213_T_A
1,7_101921226_101921226_C_T
1,18_42531917_42531917_T_C
1,4_106156348_106156348_C_T
1,4_106196771_106196771_C_T
1,21_36252877_36252877_C_G
1,19_33792321_33792321_C_A
1,17_1563289_1563289_C_A
1,13_28608309_28608309_C_G
1,2_25457274_25457274_TG_T
1,8_117874080_117874080_T_TCC
1,X_53432579_53432579_C_A
1,17_44116410_44116410_G_T
1,17_29483025_29483025_AAC_A
1,4_106197376_106197376_G_GCATAAGAGCATGGCT
1,11_32417908_32417908_C_CCG
1,11_32417909_32417909_C_CGACCG
1,2_25457252_25457252_T_C
1,4_153244091_153244091_C_T
1,13_28608321_28608321_C_T
1,12_49420688_49420688_G_A
1,11_32417909_32417909_C_CGACCGTACAA
1,2_25467150_25467150_GGCTGCCTGGGCAGCC_G
1,17_29557906_29557906_A_C
1,3_128200142_128200142_A_G
1,3_128204785_128204785_T_TCC
1,21_36231782_36231782_C_A
1,19_33793242_33793242_T_TGG
1,7_148506195_148506195_G_GAT
1,21_36252959_36252959_C_T
1,4_106197348_106197348_C_G
1,16_3828120_3828120_G_GT
1,16_67645338_67645338_C_CA
1,7_101840025_101840025_C_T
1,4_106197422_106197422_G_A
1,11_119148976_119148976_T_G
1,21_36252849_36252849_C_CG
1,2_25463235_25463235_CAGA_C
1,5_170837548_170837548_G_GAAGT
1,21_36206834_36206834_AC_A
1,4_106190826_106190826_C_A
1,2_25468202_25468202_C_T
1,17_44248219_44248219_A_C
1,17_29592322_29592322_A_AGG
1,12_112926884_112926884_T_G
1,11_99715593_99715593_AC_A
1,21_36252852_36252852_ACCTCTTCCACTTCGACC_A
1,21_36259156_36259156_A_T
1,4_106157677_106157677_C_T
1,12_54686595_54686595_G_C
1,12_49431121_49431121_G_A
1,11_32417909_32417909_C_CGACCGTACAAGAG
1,17_7578388_7578388_C_G
1,17_44115984_44115984_GA_G
1,21_36259172_36259172_G_C
1,19_17949108_17949108_C_A
1,X_133551224_133551224_G_C
1,17_7578178_7578178_T_G
1,11_85977170_85977170_C_T
1,7_148507470_148507470_C_T
1,7_148511214_148511214_G_C
1,9_139390981_139390981_G_GCCTAT
1,9_139390830_139390830_T_TGCACC
1,17_30267446_30267446_A_AT
1,11_32417907_32417907_G_GT
1,17_29553492_29553492_C_T
1,17_44110777_44110777_TCTC_T
1,16_67063386_67063386_G_T
1,19_33792682_33792682_G_T
1,17_30323844_30323844_GA_G
1,4_106157850_106157850_AAGGTACTTGATACATAACC_A
1,11_32417909_32417909_C_CG
1,7_148511133_148511133_C_G
1,2_25470590_25470590_A_G
1,12_49426265_49426265_G_GT
1,11_32417909_32417909_C_CGACACCTT
1,20_31021493_31021493_G_T
1,17_44127941_44127941_G_A
1,11_32414218_32414218_G_A
1,2_25467134_25467134_AG_A
1,2_25467484_25467484_T_C
1,17_44172005_44172005_C_T
1,7_101840207_101840207_A_AT
1,7_148523666_148523666_T_TG
1,19_33793252_33793252_C_CGG
1,X_123191783_123191783_GC_G
1,19_33793248_33793248_C_CG
1,16_67654616_67654616_G_A
1,21_36259182_36259182_A_AGGCAGCACGGAGCAGAGGAAGTT
1,X_123205171_123205171_C_T
1,4_106157588_106157588_T_TA
1,16_3779813_3779813_C_T
1,21_36206802_36206802_C_T
1,4_106164878_106164878_CCGAGACG_C
1,4_106197025_106197025_G_GAATGACA
1,11_119149004_119149004_G_C
1,7_104750798_104750798_GA_G
1,11_85977171_85977171_A_G
1,21_36164698_36164698_C_A
1,21_36252983_36252983_C_CAT
1,4_106193731_106193731_T_A
1,7_151945047_151945047_G_GC
1,17_44248783_44248783_G_A
1,2_25464442_25464442_T_TGA
1,X_133547850_133547850_CAG_C
1,X_123220586_123220586_ACGGAA_ATG
1,17_30267466_30267466_C_CT
1,4_106158508_106158508_G_T
1,21_36164534_36164534_C_CGGGA
1,12_112888199_112888199_C_G
1,8_128750677_128750677_C_CCCA
1,17_29562654_29562654_C_T
1,4_106164010_106164010_G_A
1,19_33793261_33793261_C_G
1,X_44918302_44918302_GTCTATTGAT_GTTT
1,4_106197302_106197302_G_T
1,7_101845133_101845133_G_GGGCAGCGGT
1,4_55592178_55592178_C_CTGCCTATTTTAAGTT
1,4_55589771_55589771_A_ACTTCCT
1,19_33792717_33792717_C_A
1,X_76890149_76890149_G_GT
1,2_209113281_209113281_T_C
1,17_30315473_30315473_TCAGGAAAACAAG_T
1,4_106196702_106196702_T_C
1,2_25466827_25466827_CAGGTGGGT_C
1,3_128200100_128200100_T_C
1,7_104731706_104731706_G_A
1,20_31023388_31023388_C_T
1,13_28608263_28608263_T_C
1,21_36164581_36164581_A_AGGGCGGCAGGATGCGC
1,1_36932108_36932108_A_AGTC
1,4_55593610_55593610_T_A
1,X_133559257_133559257_AT_A
1,2_25463308_25463308_G_A
1,13_28608326_28608326_T_G
1,8_128750687_128750687_C_T
1,8_117875424_117875424_G_C
1,2_25966293_25966293_A_ACCGC
1,1_36933188_36933188_A_ACAGGCCCCC
1,10_35333790_35333790_AC_A
1,8_117870678_117870678_G_A
1,2_25966916_25966916_G_A
1,7_151856124_151856124_C_CAA
1,21_36164714_36164714_GC_G
1,10_112361515_112361515_T_C
1,12_49425786_49425786_ACT_A
1,1_155880288_155880288_A_T
1,11_32417915_32417915_TACAAGAGTCGGGGCTACTC_T
1,3_128204841_128204841_A_AC
1,12_54686466_54686466_G_GGCC
1,2_198265573_198265573_C_T
1,X_123200104_123200104_CCTGAGCAGGTTT_C
1,4_106155359_106155359_A_AG
1,11_32413592_32413592_C_T
1,11_32456357_32456357_GC_G
1,11_32456243_32456243_T_TAGCTCCC
1,11_32417814_32417814_C_CTGCT
1,17_29550536_29550536_G_A
1,17_29667551_29667551_G_A
1,8_117866547_117866547_TG_T
1,19_33793268_33793268_TGGCTGCTCATCGGGGGCCGCGGCTCCGCCTCGTA_TG
1,11_32456334_32456334_GCT_G
1,X_123217380_123217380_C_T
1,4_106157375_106157375_CT_C
1,11_32417908_32417908_C_CCGACCGTA
1,8_117861213_117861213_C_CT
1,X_39916415_39916415_C_A
1,X_39922087_39922087_A_AG
1,21_36252935_36252935_C_A
1,4_106157074_106157074_C_T
1,2_25457206_25457206_C_G
1,X_39934239_39934239_TG_T
1,X_133547520_133547520_GCTGATTTAGAAG_GC
1,21_36252947_36252947_T_C
1,7_148512057_148512057_A_G
1,10_89717611_89717611_TC_T
1,2_25466767_25466767_C_T
1,19_17943384_17943384_A_T
1,19_33792866_33792866_GC_G
1,X_48652320_48652320_G_C
1,4_106156651_106156651_AT_A
1,4_106158241_106158241_C_CT
1,X_53426565_53426565_G_T
1,19_33793080_33793080_G_GCC
1,8_128750693_128750693_C_G
1,11_119149239_119149239_G_A
1,2_25457219_25457219_C_T
1,19_33792561_33792561_T_TGA
1,8_117878968_117878968_T_C
1,7_151878570_151878570_TG_T
1,19_33793133_33793133_TCGATGGA_T
1,17_7577099_7577099_C_G
1,19_33792807_33792807_G_GCTTGGGTC
1,4_106193801_106193801_C_CAT
1,4_55598108_55598108_T_A
1,17_7579504_7579504_ATCTG_A
1,8_117864292_117864292_CACTGACTCCTG_C
1,4_55589771_55589771_A_ACGGGTTCCT
1,12_54686430_54686430_G_T
1,11_32414250_32414250_C_G
1,11_119148970_119148970_G_A
1,17_7578464_7578464_G_C
1,21_36252860_36252860_C_T
1,13_28608267_28608267_A_C
1,4_55589769_55589769_TTACGACAGGCTCGT_TACGGCAAG
1,17_30315460_30315460_CAG_C
1,7_151878745_151878745_AATCGCCT_A
1,17_7578534_7578534_CTTG_C
1,20_31021439_31021439_G_T
1,X_133547986_133547986_A_G
1,21_36252856_36252856_CTTCCACTTC_CG
1,7_148511155_148511155_G_A
1,X_123184035_123184035_G_A
1,4_106164831_106164831_G_C
1,11_32456280_32456280_G_C
1,2_25458684_25458684_A_G
1,11_32417909_32417909_C_CGACCGTACAAGAGT
1,7_151845881_151845881_AT_A
1,9_21971208_21971208_C_T
1,X_70339254_70339254_G_C
1,17_7578206_7578206_T_C
1,17_7579344_7579344_G_GC
1,20_31022406_31022406_C_CA
1,X_123176469_123176469_C_T
1,X_133551269_133551269_A_G
1,17_30325706_30325706_C_CCTGA
1,X_133527624_133527624_A_T
1,X_123199788_123199788_T_TTTTC
1,20_31022439_31022439_G_T
1,4_106157878_106157878_G_GT
1,4_106196993_106196993_TCTCT_TAA
1,11_32417915_32417915_T_TAACAG
1,4_106164913_106164913_C_A
1,7_148523588_148523588_A_T
1,X_133511790_133511790_G_C
1,21_36231782_36231782_C_CG
1,11_119149250_119149250_C_T
1,21_36164903_36164903_T_TGCCGCTGCAGGGC
1,X_53430709_53430709_C_G
1,X_76938180_76938180_G_T
1,21_36164454_36164454_T_TC
1,19_33793075_33793075_G_GCC
1,4_106156304_106156304_C_G
1,8_117875473_117875473_C_T
1,20_31016127_31016127_G_C
1,17_7578515_7578515_T_C
1,X_133547682_133547682_TC_T
1,11_32417918_32417918_A_AAGAG
1,4_106196748_106196748_TA_T
1,5_170837547_170837547_G_GCAGT
1,12_25380275_25380275_T_A
1,2_25967321_25967321_TG_T
1,17_7579380_7579380_AG_A
1,9_139405665_139405665_CCCG_C
1,10_112343268_112343268_G_T
1,4_106190851_106190851_T_A
1,11_32417940_32417940_A_ACACGTCG
1,X_123224489_123224489_T_TA
1,12_54686387_54686387_A_AGCTCCC
1,X_39933331_39933331_G_C
1,21_36259198_36259198_A_G
1,X_123182909_123182909_GTGTT_G
1,X_133551265_133551265_T_TA
1,7_140453154_140453154_T_C
1,12_12038957_12038957_TC_T
1,21_36252874_36252874_A_G
1,21_36259161_36259161_C_A
1,17_29556266_29556266_T_C
1,17_7577108_7577108_C_A
1,21_36231773_36231773_C_A
1,21_36252997_36252997_C_CCT
1,4_106157267_106157267_C_CG
1,19_33792350_33792350_A_T
1,1_155874261_155874261_C_T
1,X_123184034_123184034_A_G
1,4_106157081_106157081_AC_A
1,4_106190770_106190770_G_T
1,2_209113112_209113112_C_A
1,17_7578394_7578394_T_C
1,X_48650564_48650564_CCCCCT_C
1,17_44117112_44117112_C_CA
1,8_117875458_117875458_C_A
1,4_106193908_106193908_T_G
1,4_106197048_106197048_C_CT
1,20_31023324_31023324_C_G
1,4_55599322_55599322_C_A
1,19_33792317_33792317_A_G
1,12_25380282_25380282_G_C
1,8_128750674_128750674_C_CTGACCGCCCGGA
1,2_25457249_25457249_T_C
1,2_25469528_25469528_A_C
1,21_36252865_36252865_C_G
1,21_36259225_36259225_A_AGCTGT
1,4_106180865_106180865_G_A
1,4_106180852_106180852_T_TA
1,2_25463180_25463180_T_TCGCGAGATGTCCCTCTTGTCACTAACGCCCATGGCCC
1,8_117862885_117862885_TTC_T
1,8_128750684_128750684_C_G
1,X_15809121_15809121_C_T
1,2_25972854_25972854_G_T
1,4_106193934_106193934_CA_C
1,13_28622527_28622527_A_G
1,2_25467407_25467407_A_G
1,8_117862907_117862907_C_A
1,X_76937787_76937787_C_G
1,19_33792537_33792537_C_CG
1,21_36164520_36164520_A_ACGTCGCTCTGGTT
1,20_31022361_31022361_GAC_G
1,4_106156028_106156028_TG_T
1,19_33793124_33793124_G_GC
1,18_42531485_42531485_G_A
1,2_25464564_25464564_AGCACCAGGAGCCCT_A
1,19_33792423_33792423_G_A
1,19_33793052_33793052_T_TTC
1,X_123205060_123205060_G_GT
1,4_106157901_106157901_AG_A
1,4_106197149_106197149_CA_C
1,7_151859840_151859840_TTG_T
1,21_36252851_36252851_TACCTCTTCCACTTCGACCG_T
1,21_36252853_36252853_C_CCT
1,19_33792267_33792267_T_TGA
1,10_112340661_112340661_G_A
1,11_119149260_119149260_T_A
1,X_123227947_123227947_G_T
1,12_12037501_12037501_C_T
1,18_42531911_42531911_G_A
1,X_123176496_123176496_G_GT
1,7_151835878_151835878_T_TA
1,2_25470949_25470949_TC_T
1,21_36231766_36231766_C_G
1,11_32456257_32456257_AT_A
1,12_112884198_112884198_G_C
1,2_198266810_198266810_C_G
1,X_123164887_123164887_CA_C
1,2_25457224_25457224_A_T
1,2_25463536_25463536_C_A
1,1_115256535_115256535_G_T
1,11_32410657_32410657_G_A
1,20_31022925_31022925_G_T
1,17_44248479_44248479_A_T
1,X_70339230_70339230_T_G
1,4_106155309_106155309_GA_G
1,4_106196226_106196226_CA_C
1,8_117868899_117868899_TC_T
1,7_152132903_152132903_GTCC_G
1,17_7578530_7578530_A_C
1,7_151878851_151878851_T_TCAA
1,7_104731727_104731727_CAGA_C
1,21_36206722_36206722_G_A
1,7_148526901_148526901_C_T
1,21_36171708_36171708_T_TG
1,4_106197198_106197198_A_G
1,5_170837547_170837547_G_GTCTC
1,2_25463299_25463299_A_G
1,17_44248898_44248898_A_AC
1,12_12037401_12037401_C_G
1,16_3900537_3900537_C_CTGGG
1,4_55593613_55593613_T_A
1,X_123195725_123195725_G_A
1,20_31022415_31022415_AGAGAGGCGGCCACCACTGCCATC_A
1,19_33792455_33792455_C_T
1,X_123190087_123190087_T_C
1,4_106180793_106180793_AG_A
1,20_31022543_31022543_G_GC
1,7_148504766_148504766_C_CCGAAA
1,X_133547852_133547852_G_A
1,21_36164709_36164709_G_GA
1,21_36252888_36252888_A_C
1,8_117861238_117861238_G_A
1,17_7578492_7578492_C_T
1,X_39913143_39913143_G_A
1,2_25463580_25463580_A_G
1,4_106164897_106164897_C_G
1,17_44249148_44249148_C_T
1,4_106164061_106164061_C_T
1,4_106193917_106193917_CA_C
1,11_64534512_64534512_G_A
1,2_25972667_25972667_A_AGGATATCCTC
1,19_33792812_33792812_G_GC
1,19_33793130_33793130_ATG_A
1,4_106158378_106158378_CA_C
1,4_106164906_106164906_C_CA
1,19_33792779_33792779_TAAGGG_T
1,11_32456496_32456496_C_CG
1,4_106162537_106162537_CT_C
1,17_7578443_7578443_A_G
1,X_39913146_39913146_CCA_C
1,4_106156764_106156764_A_AAC
1,2_25469945_25469945_C_G
1,4_106197239_106197239_G_GA
1,X_123197750_123197750_AT_A
1,4_106196627_106196627_C_T
1,12_49427730_49427730_C_CT
1,11_32417942_32417942_A_AGGGACCC
1,2_25458593_25458593_C_T
1,7_104752838_104752838_C_CCCTCCACCT
1,4_106196484_106196484_G_C
1,X_123185226_123185226_TACTC_T
1,3_128202767_128202767_G_T
1,5_149433745_149433745_CGCTGCCACCGCTTCTGCTGCT_C
1,2_25463296_25463296_C_T
1,21_36164807_36164807_G_GT
1,7_148512081_148512081_G_A
1,7_139094349_139094349_G_T
1,7_139094348_139094348_C_G
1,2_25469536_25469536_A_G
1,2_25463524_25463524_G_A
1,11_32417920_32417920_G_GAGTC
1,2_25464460_25464460_C_T
1,X_39914723_39914723_G_A
1,11_32413592_32413592_C_G
1,7_140481403_140481403_C_T
1,4_106190867_106190867_A_G
1,4_106156782_106156782_AC_A
1,13_28608305_28608305_G_A
1,5_170837545_170837545_C_CTGTG
1,4_106157865_106157865_TAACCATGC_T
1,2_25469488_25469488_C_T
1,2_25967233_25967233_G_GC
1,11_32456586_32456586_C_T
1,12_112856920_112856920_C_T
1,X_123220567_123220567_C_G
1,21_36206776_36206776_T_C
1,4_106157770_106157770_C_T
1,4_106180876_106180876_A_G
1,2_25463242_25463242_A_T
1,8_117878840_117878840_A_ACT
1,17_7579583_7579583_A_G
1,17_7577556_7577556_C_T
1,20_31022484_31022484_G_T
1,12_25398282_25398282_C_A
1,2_25469527_25469527_A_C
1,21_36259363_36259363_G_GGCAGA
1,X_39933075_39933075_G_GGTTT
1,11_119148972_119148972_C_T
1,10_112349672_112349672_G_A
1,5_170832388_170832388_TGCAAGCAAGTATAGAAAAAGTG_TGCTCAG
1,2_25463296_25463296_C_CAA
1,4_106157989_106157989_C_T
1,4_106156079_106156079_C_G
1,2_25467128_25467128_A_T
1,4_106193967_106193967_GA_G
1,2_25462032_25462032_C_T
1,2_25467071_25467071_GC_G
1,4_106156993_106156993_CAA_C
1,X_39921515_39921515_TG_T
1,10_112343983_112343983_G_C
1,16_67645910_67645910_A_G
1,7_148526858_148526858_A_G
1,21_36206890_36206890_G_A
1,20_31022898_31022898_TC_T
1,13_28608291_28608291_A_C
1,19_33792504_33792504_T_TTG
1,16_67650714_67650714_A_G
1,11_119148545_119148545_AGTGACCCAG_A
1,2_25470973_25470973_T_TCAGG
1,4_106157983_106157983_C_T
1,7_104749486_104749486_GT_G
1,7_148512610_148512610_G_A
1,7_148511136_148511136_A_G
1,4_106156625_106156625_C_G
1,11_32456289_32456289_G_T
1,19_33792815_33792815_T_TCA
1,4_106197269_106197269_C_G
1,4_106158496_106158496_T_TG
1,11_119148991_119148991_G_T
1,1_155874177_155874177_A_C
1,3_128200753_128200753_T_A
1,21_36231876_36231876_C_T
1,20_31023130_31023130_GC_G
1,X_133527655_133527655_G_GA
1,X_123202449_123202449_AT_A
1,X_123182926_123182926_C_A
1,21_36259156_36259156_A_G
1,21_36231877_36231877_T_C
1,11_32417916_32417916_A_ACAAGAGTC
1,12_49433394_49433394_G_A
1,10_112361569_112361569_TGAAGAAAATTCGAGAACTTGG_T
1,4_106156991_106156991_C_A
1,11_32417916_32417916_A_ACAAGAGT
1,20_31022288_31022288_CCAGATATG_C
1,2_25463576_25463576_A_C
1,2_25464456_25464456_T_A
1,13_28608299_28608299_T_C
1,4_106193791_106193791_T_A
1,4_106158203_106158203_T_TG
1,2_25463248_25463248_G_A
1,4_106190903_106190903_T_A
1,4_106158187_106158187_C_T
1,4_106164787_106164787_C_T
1,4_106157705_106157705_CA_C
1,11_32417943_32417943_C_CGTCG
1,19_33793050_33793050_C_G
1,2_25472560_25472560_C_T
1,11_32414266_32414266_C_A
1,19_33793201_33793201_C_CGCGGG
1,4_106180784_106180784_G_C
1,11_32417918_32417918_A_AGGAAC
1,X_123179096_123179096_T_TA
1,20_40713364_40713364_T_C
1,X_123181319_123181319_T_A
1,X_123181320_123181320_G_T
1,8_117878917_117878917_A_G
1,7_104752841_104752841_T_TCCA
1,2_25972655_25972655_A_ATTCTCTT
1,21_36252889_36252889_A_C
1,20_31022817_31022817_CA_C
1,21_36164690_36164690_C_CGGGCCAACTAAGG
1,4_106197166_106197166_CCAGGGTGTGGCTTCTGGTG_C
1,16_67654676_67654676_G_A
1,X_39931954_39931954_C_CT
1,4_106196609_106196609_TC_T
1,2_25463558_25463558_A_ACT
1,4_106196791_106196791_T_TTGTA
1,2_25468195_25468195_C_T
1,4_106155605_106155605_A_AT
1,4_106194062_106194062_TA_T
1,21_36164833_36164833_G_GC
1,X_53441805_53441805_A_G
1,8_117878863_117878863_T_TACAC
1,4_106158371_106158371_CACCA_C
1,21_36164528_36164528_C_CTGGT
1,7_104752455_104752455_C_CA
1,2_25463187_25463187_A_T
1,2_25469529_25469529_G_GC
1,2_25966988_25966988_T_TAGCGA
1,21_36164848_36164848_AG_A
1,21_36259160_36259160_TCTTGTTGCAGCG_T
1,11_32417912_32417912_C_CCGTACCT
1,10_112361406_112361406_T_C
1,2_25467436_25467436_A_C
1,2_25463515_25463515_G_C
1,4_106190766_106190766_G_A
1,17_29685986_29685986_G_A
1,2_25463211_25463211_A_C
1,8_117875491_117875491_A_C
1,X_123196965_123196965_G_A
1,4_106157796_106157796_T_TA
1,11_32417915_32417915_T_TACAAGAG
1,2_198267360_198267360_T_C
1,2_25470545_25470545_A_C
1,21_36259245_36259245_C_CAGCA
1,13_28608228_28608228_A_C
1,8_128750677_128750677_C_T
1,X_53409223_53409223_G_A
1,X_133527589_133527589_A_ACG
1,X_123182929_123182929_G_GT
1,11_32413611_32413611_C_T
1,11_32456301_32456301_A_AG
1,1_115258683_115258683_A_T
1,12_112926890_112926890_A_G
1,8_117859879_117859879_G_A
1,2_25462047_25462047_G_T
1,17_29563003_29563003_ATTGGCAACATG_A
1,19_33792702_33792702_G_GCAGGT
1,12_49420803_49420803_C_T
1,4_106158199_106158199_C_T
1,2_25467152_25467152_C_A
1,2_25459821_25459821_T_C
1,21_36252865_36252865_CGACCG_C
1,8_117878916_117878916_C_T
1,X_44941964_44941964_G_GGGA
1,11_32417931_32417931_ACTCCAGGCACAC_AGGGTGTGG
1,21_36252860_36252860_C_CAGAAA
1,X_39931980_39931980_CTGTT_C
1,X_123224496_123224496_C_T
1,17_29509575_29509575_CAAACGTA_C
1,20_31022902_31022902_G_A
1,4_106190866_106190866_C_T
1,4_106157461_106157461_G_T
1,4_106180785_106180785_C_G
1,4_106197276_106197276_C_A
1,X_123197775_123197775_TA_T
1,4_106157764_106157764_A_T
1,2_25469524_25469524_TG_T
1,10_112356191_112356191_G_T
1,4_106190785_106190785_G_C
1,12_112888162_112888162_G_A
1,4_106157836_106157836_C_T
1,8_117859872_117859872_GTATTTCGACAT_GCACACA
1,13_28608271_28608271_T_A
1,16_18830960_18830960_A_G
1,11_32417955_32417955_T_C
1,2_25468171_25468171_ACATTGAGGCTCC_A
1,4_106164795_106164795_T_A
1,X_133511784_133511784_TG_T
1,12_49433256_49433256_G_A
1,1_36932316_36932316_C_A
1,11_32417922_32417922_G_GTCGGGGCTAC
1,4_106158072_106158072_CT_C
1,12_112888198_112888198_G_T
1,4_106197348_106197348_C_T
1,2_25467202_25467202_A_C
1,X_133559261_133559261_TGAGA_T
1,11_32413575_32413575_T_TCCC
1,4_106157969_106157969_T_TA
1,4_106197402_106197402_A_G
1,20_31022262_31022262_T_TGGGTGGTTAAAGGTCA
1,8_117861253_117861253_CT_C
1,13_28608297_28608297_T_C
1,10_112360882_112360882_T_A
1,11_32413612_32413612_T_A
1,4_106156876_106156876_C_T
1,X_39913290_39913290_C_CTGGT
1,4_106157064_106157064_AC_A
1,2_25470936_25470936_GGT_G
1,X_39933459_39933459_GCTAA_G
1,4_106180781_106180781_C_CT
1,21_36164684_36164684_T_TTGGA
1,X_39931918_39931918_A_T
1,21_36259248_36259248_C_CA
1,4_106157527_106157527_C_T
1,11_32449502_32449502_C_A
1,17_29527570_29527570_C_CT
1,17_7579376_7579376_TGGTA_T
1,9_5069192_5069192_TC_T
1,19_33792384_33792384_T_TCAG
1,19_33793186_33793186_TG_T
1,17_74732401_74732401_T_TG
1,19_33792360_33792360_T_C
1,4_106156598_106156598_T_A
1,7_148523560_148523560_C_T
1,4_106157572_106157572_TC_T
1,X_123181333_123181333_T_C
1,2_25470555_25470555_G_T
1,X_39916452_39916452_AAGG_A
1,19_33792731_33792731_GGCGGGT_G
1,8_117878915_117878915_C_T
1,4_106157317_106157317_C_T
1,17_29562981_29562981_C_T
1,19_33793116_33793116_C_A
1,8_117866496_117866496_G_GTGCCCCT
1,21_36206762_36206762_A_ACGGGTTT
1,21_44514642_44514642_T_G
1,X_123205078_123205078_T_TA
1,X_39933665_39933665_G_A
1,21_36171610_36171610_TGGAAAG_TTCCC
1,X_39934126_39934126_C_CT
1,21_36206893_36206893_G_GGGGACCCCT
1,4_106158250_106158250_C_T
1,X_39933420_39933420_A_T
1,4_106157480_106157480_C_G
1,4_106182947_106182947_T_C
1,2_25457264_25457264_T_C
1,2_25459836_25459836_T_C
1,11_32450064_32450064_T_G
1,4_106156232_106156232_GTGCT_G
1,8_117868961_117868961_AG_A
1,4_106162498_106162498_C_T
1,19_33793165_33793165_CAGCGGCTCCGGGGCGGCAGGT_CCGGAGCCGGA
1,10_112350219_112350219_G_A
1,4_106180850_106180850_T_G
1,2_25457198_25457198_C_G
1,21_36252940_36252940_G_T
1,2_25458626_25458626_AG_A
1,17_29687586_29687586_G_T
1,2_25467417_25467417_GT_G
1,17_1563730_1563730_C_A
1,11_32450050_32450050_GCCCTGCTGGCCCATGGGAT_G
1,X_39922196_39922196_CT_C
1,19_33792731_33792731_G_T
1,2_25458616_25458616_T_TC
1,2_25466785_25466785_A_G
1,2_25972581_25972581_T_TTTCGTCC
1,12_11905503_11905503_TGC_T
1,7_148506166_148506166_T_G
1,X_123217321_123217321_A_ATCCC
1,17_7578433_7578433_G_T
1,21_36164581_36164581_AGGGCGGCAGGATGCGC_A
1,8_117859928_117859928_AC_A
1,3_128202801_128202801_G_A
1,19_33792390_33792390_G_A
1,X_39922148_39922148_G_A
1,2_25468152_25468152_GA_G
1,21_36252949_36252949_T_TC
1,11_32417911_32417911_A_ACCGTACCC
1,12_11802995_11802995_TG_T
1,21_36164771_36164771_CATGCCGAT_C
1,11_32414287_32414287_G_GGTAT
1,X_39933991_39933991_A_ATGGC
1,20_31023096_31023096_G_A
1,4_106156957_106156957_T_TA
1,4_106164895_106164895_T_TA
1,X_123195151_123195151_GA_G
1,X_123220475_123220475_C_A
1,2_25459839_25459839_A_C
1,19_33793128_33793128_TGATGTCGATG_T
1,2_25464553_25464553_C_T
1,13_33232645_33232645_C_CTAT
1,4_106157829_106157829_AG_A
1,4_106193913_106193913_G_T
1,21_36164612_36164612_G_GC
1,4_106156711_106156711_C_T
1,4_106157635_106157635_G_T
1,20_31024264_31024264_C_A
1,2_25462033_25462033_G_A
1,21_36252869_36252869_C_A
1,7_104746992_104746992_C_T
1,8_117859882_117859882_A_AT
1,2_25457162_25457162_A_G
1,19_33792430_33792430_G_GCGCA
1,2_25469029_25469029_C_T
1,21_36259138_36259138_A_T
1,4_106197114_106197114_T_A
1,13_28608329_28608329_A_G
1,20_31021256_31021256_A_T
1,7_148507497_148507497_G_C
1,X_133512045_133512045_CT_C
1,X_39922083_39922083_GCA_G
1,8_117868947_117868947_GC_G
1,4_106156040_106156040_GT_G
1,4_106155508_106155508_AGTCAACCAAAT_A
1,19_17948823_17948823_C_T
1,12_112888189_112888189_G_C
1,8_117878907_117878907_G_A
1,4_55589764_55589764_CTGACTTACG_CTTA
1,1_155874261_155874261_C_A
1,12_112888162_112888162_G_C
1,21_36171610_36171610_TGGAAA_T
1,X_123200102_123200102_T_TG
1,21_36231812_36231812_C_CTG
1,20_31022737_31022737_A_G
1,11_NA_NA_NA_NA
1,13_NA_NA_NA_NA
1,17_NA_NA_NA_NA
1,2_NA_NA_NA_NA
1,5_NA_NA_NA_NA
1,1_NA_NA_NA_NA
1,20_NA_NA_NA_NA
1,21_NA_NA_NA_NA
