mutID,MPN2018
4_106155798_106155798_T_G,1
17_74732959_74732959_G_T,1
20_31023702_31023702_C_T,1
2_25464460_25464460_C_T,1
12_54686554_54686554_A_-,1
2_25457242_25457242_C_T,1
15_90631934_90631934_C_T,1
4_106155921_106155921_C_-,1
4_106190798_106190798_G_T,1
4_106162499_106162499_A_-,1
4_106164022_106164022_G_GA,1
2_25470560_25470560_C_T,1
20_57484420_57484420_C_A,1
21_44514777_44514777_T_C,1
4_106157212_106157212_C_T,1
4_106197365_106197365_G_-,1
2_25459796_25459796_G_A,1
2_25463552_25463552_G_-,1
21_44524456_44524456_G_T,1
4_106197269_106197269_C_T,1
20_31022675_31022675_C_-,1
2_25470498_25470498_G_A,1
4_106157240_106157240_C_A,1
21_44514777_44514777_T_G,1
2_198267359_198267359_C_A,1
4_106197317_106197317_A_G,1
7_148544318_148544318_G_A,1
20_31021535_31021535_C_T,1
17_58740479_58740479_C_T,1
4_106164793_106164793_T_A,1
4_106157755_106157755_C_T,1
12_54686495_54686495_CTCT_-,1
17_7577121_7577121_G_C,1
20_31022283_31022283_A_AT,1
2_25466790_25466790_GACAGCACCCG_-,1
2_25469624_25469624_TCCCCGCGCGGCTGCTGGCCACC_-,1
11_119148981_119148981_T_A,1
2_25463228_25463228_AAAGAGCCAG_-,1
4_106196430_106196430_T_-,1
4_106156690_106156690_C_T,1
X_133511707_133511707_T_-,1
7_148507424_148507424_C_G,1
17_7578369_7578369_A_-,1
4_106156963_106156963_C_T,1
17_58740510_58740510_A_-,1
17_58740668_58740668_G_T,1
12_25380283_25380283_C_A,1
20_31022937_31022937_C_-,1
4_106197355_106197355_G_T,1
4_106196213_106196213_C_T,1
4_106197036_106197036_T_-,1
20_31023092_31023092_C_-,1
12_25380256_25380256_T_A,1
4_106190905_106190905_G_A,1
17_7578388_7578388_C_T,1
20_31022844_31022844_G_T,1
17_29654554_29654554_G_A,1
17_58740559_58740559_T_-,1
17_58740376_58740376_G_A,1
2_25467083_25467083_G_A,1
4_106164020_106164020_T_G,1
4_106156439_106156439_G_-,1
4_106193931_106193931_C_T,1
20_31022937_31022937_CC_-,1
4_106157325_106157325_G_GA,1
2_198266518_198266518_A_C,1
4_106196762_106196762_C_T,1
11_119149239_119149239_G_C,1
X_15833805_15833805_C_A,1
12_54686441_54686441_G_T,1
17_58740536_58740536_G_-,1
17_58740541_58740541_G_GAC,1
17_7577120_7577120_C_T,1
3_128200729_128200729_A_G,1
17_58740508_58740508_A_-,1
17_58740546_58740546_T_G,1
17_58740691_58740691_A_-,1
20_31022899_31022899_C_-,1
4_106164079_106164079_A_G,1
11_119149245_119149245_T_C,1
7_148506401_148506401_C_T,1
17_7578503_7578503_C_T,1
4_106182915_106182915_G_-,1
4_106156359_106156359_A_-,1
12_54687087_54687087_A_-,1
4_106158055_106158055_G_T,1
2_25466836_25466836_A_-,1
17_58740836_58740836_C_T,1
2_25457243_25457243_G_A,1
4_106156540_106156540_C_T,1
4_106196650_106196650_T_G,1
1_43818306_43818306_T_G,1
17_58740528_58740528_GC_-,1
17_29664383_29664383_C_T,1
4_106156819_106156819_C_T,1
17_58740498_58740498_C_G,1
4_106183003_106183003_C_A,1
17_58740507_58740507_CA_-,1
2_198267360_198267360_T_G,1
20_31022936_31022936_T_TC,1
20_31023272_31023272_ACCATCTGTTG_-,1
2_198267489_198267489_T_C,1
12_25398262_25398262_C_G,1
4_106180783_106180783_T_TG,1
20_31022403_31022403_CACCACTGCCATAGAGAGGCGGC_-,1
20_57415346_57415346_G_A,1
2_25463556_25463556_G_C,1
20_31022286_31022286_T_TA,1
X_15836766_15836766_G_A,1
4_106193892_106193892_C_T,1
2_25470516_25470516_G_A,1
4_106158339_106158339_TT_-,1
12_25378562_25378562_C_T,1
17_29588850_29588850_T_G,1
4_106157603_106157603_C_G,1
4_106196347_106196347_T_G,1
4_106197234_106197234_A_AT,1
1_43815011_43815011_C_G,1
4_106157020_106157020_G_-,1
2_209113112_209113112_C_T,1
4_106156157_106156157_G_-,1
20_31022418_31022418_G_T,1
4_106156701_106156701_AAAC_-,1
7_151882660_151882660_C_-,1
17_58740357_58740357_C_G,1
20_31023231_31023231_G_-,1
4_106197285_106197285_T_C,1
21_36259156_36259156_A_T,1
4_106164778_106164778_C_T,1
12_54686511_54686511_A_-,1
4_106155427_106155427_A_T,1
2_25470484_25470484_C_T,1
4_106158040_106158040_A_AT,1
1_1747229_1747229_T_C,1
12_111885289_111885289_C_T,1
2_198266834_198266834_T_C,1
4_106158488_106158488_T_TC,1
1_43814967_43814967_T_C,1
4_106157002_106157002_C_T,1
12_54686561_54686561_T_TC,1
4_106157345_106157345_AAATA_-,1
20_31021348_31021348_C_G,1
2_25463247_25463247_C_T,1
12_112924336_112924336_G_A,1
4_106156336_106156336_C_-,1
2_25470497_25470497_C_T,1
4_106196657_106196657_C_T,1
4_106157761_106157761_C_T,1
4_106196328_106196328_C_CA,1
12_111885521_111885521_C_CG,1
20_31024148_31024148_CTCC_-,1
2_198267361_198267361_T_G,1
7_151927007_151927007_C_G,1
2_25458595_25458595_A_G,1
17_58740526_58740526_T_-,1
17_7578406_7578406_C_T,1
4_106158218_106158218_T_A,1
4_106158478_106158478_C_T,1
4_106156991_106156991_C_A,1
7_151970896_151970896_A_T,1
17_58740653_58740653_C_T,1
7_151962122_151962122_C_T,1
13_49039230_49039230_C_T,1
2_25458619_25458619_T_C,1
20_31022238_31022238_C_T,1
4_106193719_106193719_A_G,1
20_31021729_31021729_C_CTGTT,1
2_25463248_25463248_G_A,1
4_106157371_106157371_C_T,1
7_148511175_148511175_C_T,1
7_148523590_148523590_C_T,1
2_25463563_25463563_C_T,1
4_106190858_106190858_C_T,1
18_47803325_47803325_G_A,1
2_25463229_25463229_A_G,1
4_106193748_106193748_C_T,1
12_111856360_111856360_C_CT,1
17_7577545_7577545_T_C,1
4_106158341_106158341_T_A,1
2_25463298_25463298_AAG_-,1
4_106158265_106158265_G_-,1
4_106157969_106157969_T_TA,1
7_148544338_148544338_C_T,1
17_7577061_7577061_C_A,1
20_31023630_31023630_C_T,1
17_74732959_74732959_G_C,1
2_25462004_25462004_C_T,1
2_25468177_25468177_AGGC_-,1
1_43818310_43818310_G_A,1
4_106196424_106196424_C_G,1
4_106196886_106196886_T_G,1
4_106190894_106190894_G_T,1
4_106193722_106193722_T_TA,1
4_55594198_55594198_G_A,1
17_58740522_58740522_A_-,1
17_58740642_58740642_C_A,1
17_7578413_7578413_C_T,1
7_151927096_151927096_C_-,1
17_7577509_7577509_C_T,1
4_106197082_106197082_C_-,1
7_148526906_148526906_T_C,1
19_33792303_33792303_C_T,1
15_90631934_90631934_C_A,1
17_74732959_74732959_G_A,1
7_151970872_151970872_A_T,1
4_106190785_106190785_GC_AT,1
4_106193730_106193730_C_CT,1
17_58740665_58740665_C_T,1
4_106196382_106196382_G_A,1
4_106196631_106196631_CGATGGAT_-,1
2_25463212_25463212_T_C,1
17_7579599_7579599_G_A,1
2_25458593_25458593_C_T,1
4_106182959_106182959_T_A,1
12_54686478_54686478_G_-,1
4_106197373_106197373_C_G,1
20_31021543_31021543_TG_-,1
X_133511696_133511696_TGTGGCT_-,1
12_54686317_54686317_G_-,1
2_25463593_25463593_C_A,1
2_25462020_25462020_C_T,1
4_106164741_106164741_C_G,1
2_25457161_25457161_A_C,1
4_106156747_106156747_C_T,1
17_58740559_58740559_TTCT_-,1
4_106196575_106196575_C_-,1
2_25457259_25457259_G_T,1
12_111885301_111885301_C_T,1
4_106155579_106155579_T_TA,1
4_106164071_106164071_C_G,1
20_31021250_31021250_C_T,1
4_106156304_106156304_C_G,1
12_54686575_54686575_A_-,1
17_58740540_58740540_T_-,1
4_106157023_106157023_C_T,1
4_106155195_106155195_A_-,1
2_25467448_25467448_C_T,1
2_25467433_25467433_A_G,1
2_25469028_25469028_C_T,1
2_25464544_25464544_C_T,1
4_106164020_106164020_T_A,1
17_7578190_7578190_T_C,1
20_31023271_31023271_T_TA,1
4_106197309_106197309_A_G,1
4_106196497_106196497_T_-,1
2_25470464_25470464_G_T,1
9_5077468_5077468_A_C,1
4_106196705_106196705_C_T,1
20_31022411_31022411_C_A,1
20_31022650_31022650_C_-,1
7_101840530_101840530_C_-,1
4_106164791_106164791_C_-,1
4_106157946_106157946_TGCTG_-,1
20_31022484_31022484_G_T,1
7_151970884_151970884_A_C,1
4_106158248_106158248_C_A,1
20_31023355_31023355_A_AG,1
4_106164940_106164940_G_A,1
12_111884663_111884663_G_A,1
4_106162494_106162494_AG_-,1
2_25457176_25457176_G_A,1
17_58740467_58740467_C_T,1
17_7577156_7577156_C_T,1
4_106193787_106193787_G_T,1
17_7578236_7578236_A_C,1
11_119103398_119103398_C_T,1
20_31023000_31023000_C_T,1
17_7577130_7577130_A_G,1
4_106158018_106158018_C_A,1
20_31022634_31022634_A_AC,1
7_101844882_101844882_G_A,1
20_31022815_31022815_C_-,1
2_25469646_25469646_C_T,1
2_25468121_25468121_C_T,1
17_58740506_58740506_C_-,1
2_25467408_25467408_C_T,1
4_106158133_106158133_C_-,1
17_29670127_29670127_T_A,1
4_106196458_106196458_C_CT,1
17_7577124_7577124_C_T,1
4_106193779_106193779_AGCT_-,1
13_48942685_48942685_C_T,1
2_25458696_25458696_T_G,1
4_106156729_106156729_C_T,1
2_25463565_25463565_C_T,1
4_106157609_106157609_AT_-,1
4_106193984_106193984_G_-,1
7_148511206_148511206_G_T,1
18_47800580_47800580_C_T,1
4_106158075_106158075_T_A,1
2_25470535_25470535_C_T,1
2_25463310_25463310_C_T,1
4_106157323_106157323_C_CAGCA,1
4_106157527_106157527_C_T,1
4_106197014_106197014_C_T,1
4_106156035_106156035_T_TA,1
17_58740363_58740363_A_AG,1
2_198267491_198267491_C_G,1
20_31022464_31022464_G_GTGGC,1
17_7577138_7577138_C_G,1
4_106190785_106190785_GC_CT,1
21_36252852_36252852_A_G,1
2_25463286_25463286_C_T,1
17_7578525_7578525_G_T,1
X_15840936_15840936_G_A,1
2_25463298_25463298_A_G,1
4_106157317_106157317_C_T,1
4_106158349_106158349_C_T,1
4_106157123_106157123_C_A,1
18_47800074_47800074_G_A,1
4_106164764_106164764_G_A,1
4_106155439_106155439_C_T,1
17_7578554_7578554_A_C,1
17_29562683_29562683_C_T,1
20_31022592_31022592_C_T,1
17_58740529_58740529_C_A,1
12_54686380_54686380_CCGCTCCAGCTC_-,1
17_58740475_58740475_T_-,1
20_31021211_31021211_C_T,1
4_106190861_106190861_A_C,1
12_54686429_54686429_C_T,1
17_58740509_58740509_G_T,1
17_7578463_7578463_C_T,1
20_31021273_31021273_G_GT,1
4_106180931_106180931_G_A,1
4_106157614_106157614_C_CA,1
11_119167639_119167639_T_-,1
2_25467449_25467449_C_A,1
20_31023152_31023152_T_TA,1
20_31023645_31023645_T_TC,1
4_106156414_106156414_A_-,1
4_106157404_106157404_C_T,1
4_106190782_106190782_A_G,1
4_106180816_106180816_G_-,1
4_106190860_106190860_C_T,1
7_148526858_148526858_A_C,1
7_148507470_148507470_C_T,1
17_7576539_7576539_A_G,1
17_7577556_7577556_C_A,1
7_101877462_101877462_G_A,1
11_119148919_119148919_T_C,1
17_29533395_29533395_A_T,1
2_25464538_25464538_G_C,1
4_106190843_106190843_G_A,1
17_58740545_58740545_T_TA,1
2_25469041_25469041_C_-,1
2_25459832_25459832_C_-,1
1_43805052_43805052_G_A,1
9_5078360_5078360_A_G,1
4_106156069_106156069_C_T,1
4_106155521_106155521_T_C,1
11_119148925_119148925_A_G,1
20_31022229_31022229_T_C,1
4_106164860_106164860_A_G,1
4_106194061_106194061_C_-,1
12_111856058_111856058_G_GC,1
4_106196329_106196329_AG_-,1
11_119148978_119148978_A_T,1
17_58740543_58740543_C_CT,1
X_39911579_39911579_A_C,1
17_74732959_74732959_G_GGGC,1
20_31023918_31023918_C_T,1
2_198266482_198266482_TTCATTTCC_-,1
12_112926270_112926270_C_T,1
9_5089701_5089701_C_T,1
4_106197552_106197552_C_T,1
20_31021276_31021276_C_G,1
4_106182913_106182913_C_CGTAT,1
9_5089702_5089702_G_A,1
2_25463297_25463297_A_-,1
4_106180929_106180929_T_G,1
4_106196537_106196537_C_T,1
4_55595599_55595599_C_T,1
4_55602733_55602733_G_A,1
1_43812147_43812147_G_C,1
4_106157768_106157768_C_CA,1
7_148508788_148508788_C_T,1
17_7577563_7577563_T_C,1
7_148506443_148506443_C_T,1
17_58740460_58740460_G_-,1
17_58740642_58740642_C_G,1
2_25469541_25469541_C_T,1
2_25463302_25463302_A_C,1
20_31023437_31023437_C_G,1
12_54687044_54687044_G_-,1
4_106157244_106157244_CT_-,1
7_148507433_148507433_A_G,1
12_25378562_25378562_C_G,1
X_15827338_15827338_A_-,1
4_106156153_106156153_T_-,1
4_106197353_106197353_A_G,1
11_119148922_119148922_G_A,1
20_31022613_31022613_T_TGAG,1
4_106197285_106197285_T_A,1
17_7578212_7578212_G_A,1
20_31022782_31022782_ACCAGCCATGCCAGGCCTTGCCCCT_-,1
1_43818405_43818405_C_G,1
4_106158419_106158419_C_A,1
7_101459338_101459338_C_T,1
12_112888172_112888172_A_G,1
20_31022983_31022983_T_A,1
21_44514769_44514769_T_TCTCATA,1
20_31023591_31023591_G_T,1
18_42531919_42531919_G_C,1
20_31023717_31023717_C_T,1
20_57484421_57484421_G_A,1
X_15809095_15809095_G_-,1
4_106155778_106155778_G_T,1
1_115258747_115258747_C_T,1
7_148506444_148506444_G_T,1
20_31022550_31022550_G_T,1
20_31022817_31022817_C_T,1
X_15827389_15827389_C_T,1
4_106197357_106197357_T_G,1
20_31022288_31022288_C_G,1
17_7578535_7578535_T_C,1
20_57484597_57484597_G_T,1
4_106156306_106156306_C_T,1
4_106196684_106196684_C_-,1
20_31022258_31022258_ACCCTGGGTGGTTA_-,1
4_106155526_106155526_G_A,1
4_106158427_106158427_A_T,1
4_106196216_106196216_C_CT,1
11_119148931_119148931_G_A,1
2_25463533_25463533_TGACGATGGAG_-,1
20_31022847_31022847_C_T,1
4_106164913_106164913_C_T,1
7_148506172_148506172_A_G,1
20_31022697_31022697_G_T,1
4_106155470_106155470_A_AA,1
12_54686430_54686430_G_A,1
7_148507475_148507475_C_T,1
4_106155749_106155749_C_-,1
17_29559200_29559200_T_G,1
21_36252849_36252849_C_A,1
X_123164963_123164963_G_C,1
20_31023269_31023269_CATAC_-,1
17_58740537_58740537_C_-,1
4_106193885_106193885_T_-,1
7_148543629_148543629_C_T,1
12_25398285_25398285_C_T,1
20_31021290_31021290_C_G,1
4_106156876_106156876_C_T,1
7_148506477_148506477_C_T,1
4_106196975_106196975_C_-,1
12_54687140_54687140_G_T,1
X_15818076_15818076_G_-,1
4_106190796_106190796_C_-,1
21_36252877_36252877_C_T,1
4_106155858_106155858_CAGT_-,1
17_7577548_7577548_C_T,1
20_31022615_31022615_T_A,1
17_7577555_7577555_G_C,1
11_119148880_119148880_A_C,1
7_148544387_148544387_C_A,1
4_106190797_106190797_C_T,1
11_119149251_119149251_G_A,1
20_31021642_31021642_C_CT,1
X_39923680_39923680_TT_-,1
2_198267359_198267359_C_G,1
13_48923124_48923124_TAAAAGT_-,1
2_198266720_198266720_G_A,1
12_25398285_25398285_C_G,1
4_106197360_106197360_C_T,1
1_115258748_115258748_C_G,1
2_198268392_198268392_C_A,1
21_44524456_44524456_G_A,1
X_123220440_123220440_C_T,1
2_198257839_198257839_C_T,1
20_31023408_31023408_C_T,1
2_25463248_25463248_G_T,1
4_106158311_106158311_C_G,1
17_74732960_74732960_G_C,1
7_148526901_148526901_C_T,1
4_106180781_106180781_C_CT,1
21_36231858_36231858_T_TCAAGG,1
4_106196345_106196345_T_TATTCTGCTTC,1
4_106158122_106158122_A_AG,1
7_148507425_148507425_C_G,1
7_148516705_148516705_G_A,1
20_31022288_31022288_C_A,1
4_106156531_106156531_G_-,1
17_7577547_7577547_C_T,1
20_31022319_31022319_G_A,1
4_106180865_106180865_G_A,1
11_119149217_119149217_C_T,1
17_7576593_7576593_G_T,1
11_119142446_119142446_C_T,1
20_31023435_31023435_T_TA,1
20_31023398_31023398_TG_-,1
20_31022287_31022287_A_AA,1
4_106193778_106193778_C_G,1
4_106197325_106197325_AAAGA_-,1
7_148508781_148508781_C_T,1
20_31022902_31022902_G_A,1
X_15833814_15833814_AT_-,1
11_119148973_119148973_A_G,1
20_31022988_31022988_A_T,1
4_106157968_106157968_TT_-,1
20_57484420_57484420_C_T,1
4_106197387_106197387_T_C,1
17_29661945_29661945_C_T,1
12_112888301_112888301_A_C,1
3_128200137_128200137_T_C,1
20_31022624_31022624_T_-,1
13_49039374_49039374_C_T,1
20_31022319_31022319_G_T,1
12_112915532_112915532_A_G,1
17_7579353_7579353_C_T,1
2_209103945_209103945_G_A,1
4_106164914_106164914_G_C,1
4_106157302_106157302_AGTTCACA_-,1
7_148526820_148526820_C_T,1
X_15840988_15840988_G_-,1
4_106193885_106193885_TT_-,1
11_119149248_119149248_G_A,1
11_119148958_119148958_T_C,1
11_119155763_119155763_C_T,1
20_31023077_31023077_TGAT_-,1
21_36231774_36231774_G_A,1
X_123224609_123224609_T_-,1
20_31022712_31022712_C_T,1
4_106164862_106164862_CT_-,1
20_31023379_31023379_G_-,1
X_15833942_15833942_C_T,1
2_25463184_25463184_G_A delATGAAGAAGGAAins,1
17_29556917_29556917_T_TCTA,1
20_31022662_31022662_C_-,1
20_31023261_31023261_A_T,1
4_106182906_106182906_C_G,1
11_119148990_119148990_T_C,1
11_119103370_119103370_A_-,1
X_15838385_15838385_C_T,1
20_31022277_31022277_C_T,1
18_47803329_47803329_G_T,1
X_15833838_15833838_C_-,1
4_106158490_106158490_C_CTTTCC,1
4_106196964_106196964_ACAGTGCAGCTCCGGGC_-,1
20_31024339_31024339_C_G,1
4_106196347_106196347_T_-,1
17_7577114_7577114_C_T,1
4_106158462_106158462_T_TCT,1
2_25467518_25467518_A_-,1
2_25463184_25463184_G_A,1
7_148507485_148507485_C_G,1
4_106180824_106180824_CTT_-,1
2_25457271_25457271_G_GTATAGTGG,1
20_31022599_31022599_A_AACTAC,1
20_31023152_31023152_T_TTA,1
7_148515066_148515066_C_CT,1
20_31022402_31022402_TC_-,1
X_133511698_133511698_T_A,1
3_128204753_128204753_G_A,1
4_106182957_106182957_T_TA,1
X_15841123_15841123_A_-,1
4_106156568_106156568_T_TA,1
4_106156034_106156034_A_AA,1
13_48955389_48955389_C_-,1
4_106180784_106180784_G_C,1
4_106197003_106197003_C_-,1
4_106156594_106156594_C_-,1
11_119142478_119142478_C_-,1
2_209104604_209104604_G_A,1
4_106180784_106180784_G_A,1
20_31021439_31021439_G_T,1
20_31022839_31022839_T_G,1
17_7578389_7578389_G_A,1
4_106164061_106164061_C_T,1
7_101848438_101848438_TG_-,1
20_31023479_31023479_CT_-,1
2_25470925_25470925_TC_-,1
4_106197020_106197020_A_T,1
20_31023608_31023608_G_-,1
9_5081734_5081734_TAT_-,1
4_106197061_106197061_A_-,1
12_54686469_54686469_G_-,1
4_106164941_106164941_T_A,1
2_25463596_25463596_G_-,1
12_25398242_25398242_T_A,1
21_36252940_36252940_G_T,1
4_106155535_106155535_G_T,1
7_151945328_151945328_C_A,1
13_28608260_28608260_T_A,1
4_106156766_106156766_C_CA,1
12_54687086_54687086_T_TA,1
17_58740601_58740601_T_TCAACAdelGTTG,1
4_106196702_106196702_T_TT,1
11_119169244_119169244_ACA_-,1
17_7577551_7577551_C_A,1
21_44514770_44514770_CTCATA_-,1
12_54686654_54686654_G_T,1
2_25463286_25463286_C_A,1
20_31022839_31022839_T_A,1
4_106156705_106156705_A_AT,1
7_148507443_148507443_G_C,1
7_148506167_148506167_A_C,1
20_31022289_31022289_C_T,1
12_111885596_111885596_T_C,1
20_31021630_31021630_AGATCGTC_-,1
1_115256535_115256535_G_T,1
4_106164775_106164775_G_T,1
X_133551230_133551230_C_A,1
17_7577535_7577535_C_A,1
20_31022656_31022656_C_-,1
4_106158455_106158455_T_G,1
20_31022784_31022784_C_T,1
4_106180838_106180838_G_-,1
12_112888210_112888210_G_C,1
X_39933295_39933295_TC_-,1
2_198267360_198267360_T_C,1
4_106157813_106157813_A_AA,1
3_128205731_128205731_G_GA,1
12_25378652_25378652_T_G,1
4_106190804_106190804_G_T,1
4_106182954_106182954_TCTT_-,1
1_115256532_115256532_C_A,1
4_106190771_106190771_A_-,1
4_106190827_106190827_T_C,1
X_123217380_123217380_C_T,1
20_31022416_31022416_GAGAGGCGGCCACCACTGCCATC_-,1
4_55599321_55599321_A_T,1
4_106196507_106196507_C_-,1
7_148523609_148523609_G_A,1
2_25467498_25467498_G_C,1
4_106164897_106164897_C_-,1
4_106157644_106157644_A_-,1
12_54686911_54686911_G_-,1
4_106156959_106156959_C_A,1
20_31021472_31021472_C_T,1
4_106197347_106197347_C_T,1
7_148512003_148512003_T_TA,1
20_31022694_31022694_G_GCGGAA,1
4_106164769_106164769_G_A,1
4_106156339_106156339_C_T,1
7_151868399_151868399_C_A,1
17_74732403_74732403_G_A,1
4_106158482_106158482_A_ATTAT,1
X_123195723_123195723_G_T,1
4_106157788_106157788_C_T,1
12_25398220_25398220_A_T,1
12_54686495_54686495_CT_-,1
12_112888163_112888163_G_C,1
4_106156890_106156890_CAAT_-,1
2_25463184_25463184_G_T,1
4_106157560_106157560_C_T,1
4_106180785_106180785_C_G,1
2_25468887_25468887_A_C,1
7_148508784_148508784_G_A,1
X_15838446_15838446_G_T,1
4_106196699_106196699_C_CT,1
4_106157240_106157240_C_G,1
20_31022834_31022834_GAGAT_-,1
4_106180793_106180793_AG_-,1
20_31022880_31022880_T_-,1
4_106164914_106164914_G_T,1
4_106197551_106197551_C_T,1
4_106158124_106158124_C_T,1
4_106180783_106180783_T_G,1
4_106193778_106193778_C_T,1
17_29527531_29527531_TG_-,1
20_31023272_31023272_A_AA,1
4_106196324_106196324_CAGA_-,1
X_39932209_39932209_AC_-,1
X_123179222_123179222_G_T,1
X_123179092_123179092_G_A,1
4_106190766_106190766_G_GA,1
4_106164913_106164913_C_A,1
4_106156237_106156237_TACTTCAAGCAAAGCTCAG_-,1
12_25380285_25380285_G_C,1
9_5089783_5089783_A_G,1
X_123191825_123191825_G_T,1
12_54686576_54686576_A_AA,1
4_106156043_106156043_C_-,1
4_106193853_106193853_A_T,1
4_106180817_106180817_G_A,1
4_106164896_106164896_A_AA,1
4_106164073_106164073_A_AT,1
4_106196561_106196561_C_T,1
17_58740749_58740749_C_T,1
4_106157638_106157638_C_T,1
2_25463322_25463322_GA_-,1
2_198265519_198265519_C_T,1
13_28622545_28622545_C_T,1
4_106157986_106157986_C_-,1
2_25464534_25464534_T_A,1
4_106155937_106155937_T_TT,1
4_106155862_106155862_C_T,1
4_106196993_106196993_T_-,1
X_123227935_123227935_G_A,1
11_119146791_119146791_C_G,1
2_25463568_25463568_A_G,1
4_106158509_106158509_G_A,1
4_106157653_106157653_G_T,1
7_148508779_148508779_A_G,1
2_25469054_25469054_C_CTTGACCT,1
2_198266611_198266611_C_T,1
X_39930312_39930312_CAGT_-,1
12_54687088_54687088_A_AA,1
20_31023570_31023570_A_AG,1
4_106157067_106157067_CTCA_-,1
17_58740542_58740542_A_AAG,1
4_106157297_106157297_C_-,1
2_25457163_25457163_A_T,1
4_106196701_106196701_T_TT,1
17_58740714_58740714_A_-,1
X_123185054_123185054_T_A,1
4_106164940_106164940_G_T,1
9_5073764_5073764_G_C,1
17_58740444_58740444_T_A,1
17_7578268_7578268_A_C,1
4_106190802_106190802_G_-,1
4_106158433_106158433_CTAGATACTC_-,1
4_106158425_106158425_CC_-,1
12_54686313_54686313_G_GA,1
4_106197373_106197373_C_T,1
2_198266822_198266822_T_A,1
21_36252872_36252872_C_T,1
4_55599285_55599285_G_A,1
4_106158301_106158301_C_-,1
7_151945354_151945354_CCTTGTAG_-,1
4_106197114_106197114_T_TA,1
20_31021540_31021540_AACTGTGGATC_-,1
X_39933575_39933575_G_A,1
17_29588751_29588751_C_T,1
4_106155594_106155594_TT_-,1
12_111884838_111884838_G_T,1
7_148515170_148515170_G_A,1
20_31023501_31023501_G_-,1
2_25458575_25458575_C_T,1
17_7579590_7579590_A_AA,1
2_198266584_198266584_C_A,1
2_25469525_25469525_G_A,1
4_106196562_106196562_A_-,1
X_133559280_133559280_G_A,1
